id,make,model,year,vin,country,owner,currentgaslevel,dailyrate
1,Mercedes-Benz,CL-Class,2001,WA1DGAFE6BD995086,RU,␣,21.02,$75.63
2,Honda,Ridgeline,2012,1GTN1TEX2DZ587104,RU,NULL,7.53,$132.56
3,Lexus,ES,1995,WDDHF2EB9CA733627,CZ, ,5.71,$223.92
4,Maserati,430,1989,3D7JB1EK7BG995573,MK,사회과학원 어학연구소,24.11,$48.14
5,Ford,Escort,1986,WAUPFAFM7CA739794,CN,１２３,2.42,$198.37
6,Ford,Tempo,1987,1J4PN2GK9AW696191,CN,👩🏽,16.05,$136.42
7,Lexus,GS,2004,JN1AZ4EH8CM521063,PT,⁰⁴⁵,9.89,$28.04
8,Chrysler,300M,2001,WAUGVAFR7BA049590,NI,₀₁₂,15.95,$199.30
9,Audi,4000CS Quattro,1986,1FAHP3CN7AW242277,JP,'',18.33,$40.66
10,Suzuki,SJ,1994,1VWAH7A38EC084487,FR,-1/2,23.34,$135.09
11,Maybach,62,2003,2HNYD28467H440122,ID,<svg><script>0<1>alert('XSS')</script>,2.2,$26.18
12,BMW,8 Series,1996,JM3ER2A50B0383109,CZ,社會科學院語學研究所,11.27,$126.13
13,Isuzu,Rodeo Sport,2003,3GTXKYEJ1AG761464,TH,1/0,11.9,$86.07
14,Mercedes-Benz,GLK-Class,2012,3N6CM0KN2FK685448,BR,̡͓̞ͅI̗̘̦͝n͇͇͙v̮̫ok̲̫̙͈i̖͙̭̹̠̞n̡̻̮̣̺g̲͈͙̭͙̬͎ ̰t͔̦h̞̲e̢̤ ͍̬̲͖f̴̘͕̣è͖ẹ̥̩l͖͔͚i͓͚̦͠n͖͍̗͓̳̮g͍ ̨o͚̪͡f̘̣̬ ̖̘͖̟͙̮c҉͔̫͖͓͇͖ͅh̵̤̣͚͔á̗̼͕ͅo̼̣̥s̱͈̺̖̦̻͢.̛̖̞̠̫̰,25.47,$89.06
15,Porsche,944,1987,2C3CCAXJ6DH315870,CN,和製漢語,17.78,$158.53
16,Volkswagen,Fox,1992,1N6AD0CU3AC504787,CN,,11.66,$194.75
17,Chevrolet,Silverado 3500,2003,WAUKF78E06A342113,MX,"ثم نفس سقطت وبالتحديد،, جزيرتي باستخدام أن دنو. إذ هنا؟ الستار وتنصيب كان. أهّل ايطاليا، بريطانيا-فرنسا قد أخذ. سليمان، إتفاقية بين ما, يذكر الحدود أي بعد, معاملة بولندا، الإطلاق عل إيو.",25.82,$44.17
18,Pontiac,Grand Am,1998,TRUWX28N921178297,CN,😍,17.93,$203.01
19,Suzuki,Daewoo Lacetti,2005,JA4AS2AWXCU272463,SE,␡,25.26,$139.50
20,Honda,Civic,1999,JA4AS2AW4BU490784,VE,"'""'",6.88,$53.91
21,Ford,E250,2011,KNDMG4C75B6774564,GR, test ,13.02,$139.45
22,Scion,xA,2006,JN8AE2KP9C9385428,FR, ,6.64,$172.16
23,Lincoln,Navigator,2012,3N1CN7AP0FL983702,GR,1,22.25,$169.46
24,Mercedes-Benz,CL-Class,2010,YV1902MM8F1809341,PT,-1E+02,0.47,$179.44
25,Hyundai,Accent,2010,WBA6B2C52FG518714,TN,1;DROP TABLE users,19.79,$182.26
26,Lincoln,MKT,2010,JH4CW2H57CC736653,AR,(╯°□°）╯︵ ┻━┻)  ,2.23,$178.23
27,Mitsubishi,Tredia,1984,WBAVC53558F633066,VE,̦H̬̤̗̤͝e͜ ̜̥̝̻͍̟́w̕h̖̯͓o̝͙̖͎̱̮ ҉̺̙̞̟͈W̷̼̭a̺̪͍į͈͕̭͙̯̜t̶̼̮s̘͙͖̕ ̠̫̠B̻͍͙͉̳ͅe̵h̵̬͇̫͙i̹͓̳̳̮͎̫̕n͟d̴̪̜̖ ̰͉̩͇͙̲͞ͅT͖̼͓̪͢h͏͓̮̻e̬̝̟ͅ ̤̹̝W͙̞̝͔͇͝ͅa͏͓͔̹̼̣l̴͔̰̤̟͔ḽ̫.͕,10.93,$41.36
28,Nissan,Maxima,1992,5XYKT3A1XCG228806,HR,(╯°□°）╯︵ ┻━┻)  ,14.64,$132.33
29,Chevrolet,Silverado 3500,2010,1D7RB1CT3AS316808,EG,⁰⁴⁵₀₁₂,6.16,$135.39
30,Toyota,MR2,1994,3VW517AT8FM181713,NO,"""'""'""''''""",23.98,$229.50
31,GMC,Canyon,2006,WBA3X9C5XED243333,CA,הָיְתָהtestالصفحات التّحول,5.64,$136.60
32,Mazda,MX-5,1993,1D4PT2GK7AW042305,CN,社會科學院語學研究所,22.13,$223.96
33,Nissan,Altima,2011,SCFEFBAC0AG081018,BR,../../../../../../../../../../../etc/hosts,12.67,$64.47
34,Land Rover,Freelander,2008,WBA3R1C58EK059256,PH,999999999999999999999999999999999999999999999999999999999999999999999999999999999999999999999999,16.74,$205.70
35,Mercedes-Benz,S-Class,1994,1G6KD57Y88U451173,ID,１２３,19.32,$58.16
36,Jeep,Commander,2009,WBAAZ33473K890691,PH,"""""",4.01,$164.43
37,Mercedes-Benz,SLS-Class,2011,2FMGK5BC3CB210438,JP,Ω≈ç√∫˜µ≤≥÷,7.35,$222.66
38,Cadillac,DeVille,1997,2T1BPRHE2FC622638,CZ,和製漢語,13.08,$62.58
39,Jeep,Cherokee,1993,5N1AR2MMXDC166447,GR,-1E2,23.3,$45.28
40,Chrysler,Town & Country,2002,1G6DV1EP6F0808718,MG,<script>alert('hi')</script>,0.89,$224.64
41,Chevrolet,Express 2500,2004,5GAKRBKD1FJ044104,RU,̡͓̞ͅI̗̘̦͝n͇͇͙v̮̫ok̲̫̙͈i̖͙̭̹̠̞n̡̻̮̣̺g̲͈͙̭͙̬͎ ̰t͔̦h̞̲e̢̤ ͍̬̲͖f̴̘͕̣è͖ẹ̥̩l͖͔͚i͓͚̦͠n͖͍̗͓̳̮g͍ ̨o͚̪͡f̘̣̬ ̖̘͖̟͙̮c҉͔̫͖͓͇͖ͅh̵̤̣͚͔á̗̼͕ͅo̼̣̥s̱͈̺̖̦̻͢.̛̖̞̠̫̰,20.98,$99.63
42,GMC,Savana 3500,2002,WBAWL73567P954154,ID,␢,16.74,$105.55
43,GMC,Savana 1500,2008,WBAVM5C58DV077462,HT,¡™£¢∞§¶•ªº–≠,17.45,$22.93
44,Volvo,V50,2008,5NPDH4AE5BH919008,JP,␣,21.66,$62.66
45,Pontiac,GTO,1967,WA1YD54B83N266268,CN,　,5.79,$47.40
46,Ford,Thunderbird,1988,1GD11ZCG5BF349570,US,Œ„´‰ˇÁ¨ˆØ∏”’,11.96,$231.46
47,GMC,Envoy XL,2004,WDDNG7BB6AA171605,UA,パーティーへ行かないか,18.03,$104.67
48,Ford,Bronco,1996,WA1VYAFE2AD730262,PH,울란바토르,17.41,$179.14
49,Volkswagen,Eurovan,1997,1FT7W2A64EE653465,PT,"__ﾛ(,_,*)",6.77,$188.13
50,Dodge,Dakota Club,2006,JTDKTUD36DD835191,KM,̡͓̞ͅI̗̘̦͝n͇͇͙v̮̫ok̲̫̙͈i̖͙̭̹̠̞n̡̻̮̣̺g̲͈͙̭͙̬͎ ̰t͔̦h̞̲e̢̤ ͍̬̲͖f̴̘͕̣è͖ẹ̥̩l͖͔͚i͓͚̦͠n͖͍̗͓̳̮g͍ ̨o͚̪͡f̘̣̬ ̖̘͖̟͙̮c҉͔̫͖͓͇͖ͅh̵̤̣͚͔á̗̼͕ͅo̼̣̥s̱͈̺̖̦̻͢.̛̖̞̠̫̰,7.99,$216.74
51,Toyota,Camry,2010,2C3CDYAG1EH970409,RU,😍,21.09,$131.74
52,Audi,S4,2011,5N1AL0MM8FC413697,IT,`⁄€‹›ﬁﬂ‡°·‚—±,1.7,$48.80
53,Jeep,Patriot,2007,WAUHE78P99A530244,PT,null,11.91,$83.75
54,Ford,Mustang,1992,SAJWJ1CDXF8236890,CN,1E02,25.62,$242.52
55,Mitsubishi,Lancer,2001,1FTEW1CM4EK223238,MT,999999999999999999999999999999999999999999999999999999999999999999999999999999999999999999999999,4.23,$23.32
56,Mitsubishi,Starion,1986,2C3CDXEJXEH499246,KZ,"""''''""'""",24.56,$66.09
57,Jaguar,X-Type,2007,1N6AA0CH8FN383102,RU,👾 🙇 💁 🙅 🙆 🙋 🙎 🙍 ,22.36,$135.50
58,Chevrolet,Sportvan G20,1995,WAUNF78P87A389146,AR,-1E2,14.4,$133.63
59,Subaru,Impreza,2010,5XYZT3LB5EG477439,SV,　,0.99,$104.40
60,Chrysler,300,2012,WUAPV64B73N925450,CD,<img src=x onerror=alert('hi') />,21.03,$121.83
61,Mercury,Mountaineer,2002,WBAVT73568F952570,RU,​,0.76,$37.05
62,Mitsubishi,Mirage,2001,5J8TB3H54DL947427,CN,🚾 🆒 🆓 🆕 🆖 🆗 🆙 🏧,8.89,$62.47
63,Pontiac,Grand Prix,1967,WAUWFAFR7CA495734,FR,‪‪test‪,21.37,$192.15
64,Oldsmobile,Cutlass Cruiser,1993,1G6AF5SX3E0566108,VN,1/2,8.91,$70.05
65,Lexus,LS,1993,WDDHF2EB3BA510577,SE,⁦test⁧,18.32,$164.95
66,Isuzu,Trooper,1996,SCBBR53W968425032,PE,"""'""'""''''""",7.63,$86.01
67,Volkswagen,Corrado,1992,5UXFG2C53E0628410,CN,$1.00,13.02,$151.57
68,Jaguar,S-Type,2004,WAUKH98E76A926675,RU,"ثم نفس سقطت وبالتحديد،, جزيرتي باستخدام أن دنو. إذ هنا؟ الستار وتنصيب كان. أهّل ايطاليا، بريطانيا-فرنسا قد أخذ. سليمان، إتفاقية بين ما, يذكر الحدود أي بعد, معاملة بولندا، الإطلاق عل إيو.",24.02,$38.97
69,Mitsubishi,Pajero,1991,WBA5M6C56ED331554,ID,社會科學院語學研究所,1.27,$214.45
70,Pontiac,Grand Am,1996,YV4612HK3F1803801,ID,$1.00,19.26,$66.90
71,Toyota,Celica,1998,WBA3R5C5XFK070865,ID,｀ｨ(´∀｀∩,7.05,$24.08
72,Lexus,GX,2007,KMHTC6AD0CU585535,RU,!@#$%^&*(),24.85,$67.32
73,Honda,Odyssey,2001,WAUPL58E04A887468,SY,🚾 🆒 🆓 🆕 🆖 🆗 🆙 🏧,2.46,$82.55
74,Chevrolet,Corsica,1996,5LMJJ2JT1FE797577,US,田中さんにあげて下さい,8.11,$111.34
75,Dodge,Ram Van 1500,1999,3VW4T7AT1DM183855,CU,() { 0; }; touch /tmp/blns.shellshock1.fail;,13.2,$45.40
76,Porsche,Panamera,2010,WAUBFAFL9AA823503,RU,null,1.82,$148.85
77,Pontiac,Grand Prix,1991,WBANW13589C802676,BW,␡,18.33,$29.74
78,Chevrolet,Express 3500,2000,1N6AA0CA3EN177171,CN,NULL,6.65,$139.06
79,Toyota,Tercel,1995,WAUVT58E72A236231,PF,"""""",20.1,$65.35
80,Mazda,Protege,2000,2T2BK1BA7FC467912,ID,00˙Ɩ$-,0.28,$105.15
81,Toyota,Corolla,2009,1C6RD7KP5CS100898,UA,NIL,8.24,$223.52
82,BMW,X3,2006,JA32U2FU4DU130413,PE,˙ɐnbᴉlɐ ɐuƃɐɯ ǝɹolop ʇǝ ǝɹoqɐl ʇn ʇunpᴉpᴉɔuᴉ ɹodɯǝʇ poɯsnᴉǝ op pǝs 'ʇᴉlǝ ƃuᴉɔsᴉdᴉpɐ ɹnʇǝʇɔǝsuoɔ 'ʇǝɯɐ ʇᴉs ɹolop ɯnsdᴉ ɯǝɹo˥,15.9,$176.89
83,Honda,Insight,2001,1C3BCBGG7CN110537,PT,̗̺͖̹̯͓Ṯ̤͍̥͇͈h̲́e͏͓̼̗̙̼̣͔ ͇̜̱̠͓͍ͅN͕͠e̗̱z̘̝̜̺͙p̤̺̹͍̯͚e̠̻̠͜r̨̤͍̺̖͔̖̖d̠̟̭̬̝͟i̦͖̩͓͔̤a̠̗̬͉̙n͚͜ ̻̞̰͚ͅh̵͉i̳̞v̢͇ḙ͎͟-҉̭̩̼͔m̤̭̫i͕͇̝̦n̗͙ḍ̟ ̯̲͕͞ǫ̟̯̰̲͙̻̝f ̪̰̰̗̖̭̘͘c̦͍̲̞͍̩̙ḥ͚a̮͎̟̙͜ơ̩̹͎s̤.̝̝ ҉Z̡̖̜͖̰̣͉̜a͖̰͙̬͡l̲̫̳͍̩g̡̟̼̱͚̞̬ͅo̗͜.̟,12.7,$129.04
84,Jaguar,S-Type,2006,5NPEB4AC4BH399128,GR,-1E02,8.72,$195.25
85,Oldsmobile,Aurora,2003,WBA3D5C54EF921290,FR,⁰⁴⁵,15.0,$197.03
86,Nissan,Maxima,1999,1N6AA0EC7EN388761,PE,1E+02,1.66,$48.16
87,Honda,Fit,2012,5GAKRBKD5DJ008087,PH,1/2,20.32,$66.14
88,Nissan,Frontier,2009,3GYEK63N03G791554,CN,⁰⁴⁵,18.03,$204.81
89,Toyota,Celica,1997,WAUDFAFC3DN993667,BR,999999999999999999999999999999999999999999999999999999999999999999999999999999999999999999999999,18.37,$103.31
90,Ford,Expedition,2006,1FTEX1E86AF508216,EG,!@#$%^&*(),3.56,$45.76
91,Mercedes-Benz,CLS-Class,2008,1G6YX36D585888904,PL,᠎,24.5,$71.23
92,Aptera,2e,2009,WA1LGAFEXDD973414,TT,部落格,22.88,$227.33
93,Mazda,CX-7,2010,1C4NJPBA5CD587312,RS,הָיְתָהtestالصفحات التّحول,2.62,$235.05
94,Toyota,Yaris,2010,19UUA66258A604824,ID,ÅÍÎÏ˝ÓÔÒÚÆ☃,21.52,$218.78
95,Mazda,626,1986,2G61R5S33F9565844,CN,Ω≈ç√∫˜µ≤≥÷,12.23,$29.80
96,Chevrolet,G-Series G10,1995,JN8AZ1FY5EW017379,CN,⁰⁴⁵₀₁₂,4.29,$111.35
97,Acura,TL,2002,3GYFNFEY2BS879049,ID,・(￣∀￣)・:*:,8.48,$136.97
98,Audi,90,1991,2G61P5S30D9242449,CZ,₀₁₂,8.5,$75.64
99,Mercury,Mariner,2006,3VW4T7AT7DM200190,MA,１２３,20.1,$84.97
100,Ford,F-Series,1996,1GYS4HEF6ER892633,BR,⁰⁴⁵,6.12,$59.65
101,Subaru,Forester,2001,SALAF2D4XAA021762,ID,"__ﾛ(,_,*)",2.12,$172.10
102,Dodge,Ram 2500,2003,4USDU53437L577268,CN,🐵 🙈 🙉 🙊,10.63,$234.84
103,Suzuki,XL7,2007,1N6AF0LX5FN122843,GY,パーティーへ行かないか,11.41,$159.09
104,Ford,F350,2012,WVGAV7AX0CW957834,SE,1,5.2,$132.59
105,GMC,Savana 3500,2010,WDDHH8HB1BA463106,ID,̡͓̞ͅI̗̘̦͝n͇͇͙v̮̫ok̲̫̙͈i̖͙̭̹̠̞n̡̻̮̣̺g̲͈͙̭͙̬͎ ̰t͔̦h̞̲e̢̤ ͍̬̲͖f̴̘͕̣è͖ẹ̥̩l͖͔͚i͓͚̦͠n͖͍̗͓̳̮g͍ ̨o͚̪͡f̘̣̬ ̖̘͖̟͙̮c҉͔̫͖͓͇͖ͅh̵̤̣͚͔á̗̼͕ͅo̼̣̥s̱͈̺̖̦̻͢.̛̖̞̠̫̰,1.56,$180.30
106,Dodge,Ram 1500,2001,1FMCU0C78CK822749,TZ,₀₁₂,8.07,$44.00
107,Porsche,928,1995,5GTMNGEE5A8633587,PE,ﾟ･✿ヾ╲(｡◕‿◕｡)╱✿･ﾟ,7.48,$146.37
108,Hyundai,Sonata,2013,JM1NC2JF8E0584604,US,-1E2,17.11,$225.05
109,Audi,A8,2012,1C4SDJET2CC829337,NG,0.00,10.89,$208.45
110,Chevrolet,Sportvan G30,1993,WAU3FAFR1DA152292,ID,-1/2,22.52,$43.17
111,BMW,X5,2003,1G6DW67V780549777,JP,¸˛Ç◊ı˜Â¯˘¿,15.37,$223.01
112,Isuzu,Rodeo,1997,3GYT4LEF3BG173441,ZM,nil,20.08,$243.68
113,Lexus,SC,1992,JM3TB2CV6F0511173,CM,1/0,8.1,$134.04
114,Ford,Crown Victoria,1997,KMHHT6KD2AU118568,CN,<img src=x onerror=alert('hi') />,14.33,$104.07
115,Nissan,Maxima,2003,5XYKT3A60EG349794,CN,ヽ༼ຈل͜ຈ༽ﾉ ヽ༼ຈل͜ຈ༽ﾉ ,19.88,$106.93
116,Pontiac,Sunbird,1992,3N1AB6AP7CL520011,BG,',17.15,$57.29
117,Chrysler,Town & Country,1994,WAUVC58E05A637818,CN,œ∑´®†¥¨ˆøπ“‘,14.34,$31.76
118,Volkswagen,rio,1995,WAUDH74F27N860980,RU,NULL,16.93,$45.34
119,Honda,Civic,2011,3C4PDCBB5FT283025,PL,˙ɐnbᴉlɐ ɐuƃɐɯ ǝɹolop ʇǝ ǝɹoqɐl ʇn ʇunpᴉpᴉɔuᴉ ɹodɯǝʇ poɯsnᴉǝ op pǝs 'ʇᴉlǝ ƃuᴉɔsᴉdᴉpɐ ɹnʇǝʇɔǝsuoɔ 'ʇǝɯɐ ʇᴉs ɹolop ɯnsdᴉ ɯǝɹo˥,12.38,$134.37
120,Land Rover,Range Rover Sport,2009,WBABW534X5P373013,CO,<img src=x onerror=alert('hi') />,18.09,$60.87
121,Pontiac,GTO,1968,WAUXL58E15A155769,CN,␢,4.2,$51.30
122,Mitsubishi,Eclipse,1995,KL4CJHSBXFB047745,CN,1;DROP TABLE users,17.61,$186.53
123,Porsche,Cayman,2010,WAUNE78P48A175890,BI,<script>alert('hi')</script>,16.84,$211.34
124,Volkswagen,Routan,2010,WAUHF98P28A473053,VN,😍,22.4,$184.68
125,Chrysler,Town & Country,2001,SALCP2BG5FH919672,PH,0/0,14.69,$207.91
126,Buick,Electra,1988,5N1AN0NU9DN262685,FR,/dev/null; touch /tmp/blns.fail ; echo,10.83,$44.80
127,Ford,Expedition,1999,WAUUL78E86A120517,TH,1/0,11.96,$55.89
128,Suzuki,Daewoo Lacetti,2007,19UUA66285A423602,FI,1/0,7.38,$214.07
129,GMC,Safari,1994,1G6AX5S31F0636474,PK,｀ｨ(´∀｀∩,19.34,$81.82
130,Volvo,V50,2005,2LMDJ6JK1DB775378,RU,Œ„´‰ˇÁ¨ˆØ∏”’,25.87,$211.67
131,Ford,Expedition EL,2009,SAJWA2GT3EM951555,ID,﻿,10.13,$132.83
132,Cadillac,Escalade EXT,2006,5FRYD4H42GB107146,NG,-$1.00,12.76,$182.94
133,Jeep,Grand Cherokee,2010,19UUB3F50FA610081,BR,/dev/null; touch /tmp/blns.fail ; echo,7.68,$45.18
134,BMW,X3,2010,2C3CCARG1FH213137,RU,​,14.04,$82.42
135,Toyota,RAV4,1999,2G4GU5EV2C9872111,RU,() { 0; }; touch /tmp/blns.shellshock1.fail;,15.69,$22.15
136,Dodge,Durango,2001,JM1DE1KY9E0569450,YE,-1E02,19.46,$35.23
137,Bentley,Continental,2009,WBALM53519E643217,CZ,'',1.41,$62.91
138,Chevrolet,Colorado,2005,1G6AH5RXXD0709845,PL,`⁄€‹›ﬁﬂ‡°·‚—±,8.19,$31.22
139,Mazda,B-Series,1999,1G6KS54Y04U599161,ZM,NIL,7.46,$51.18
140,Subaru,XT,1990,JTMHY7AJXA5327182,CN,NIL,5.6,$141.85
141,Lexus,RX,2013,WBAVM1C56FV212319,MX,-1,16.61,$123.06
142,Nissan,Titan,2007,3D4PH1FG9BT344601,CN,1E+02,20.44,$192.72
143,Mitsubishi,Pajero,1992,3C63D3CL7CG720363,SE,../../../../../../../../../../../etc/passwd%00,2.09,$39.81
144,Dodge,Ram 1500 Club,1998,KMHCT4AE6FU941682,PH,ヽ༼ຈل͜ຈ༽ﾉ ヽ༼ຈل͜ຈ༽ﾉ ,3.59,$139.70
145,Saturn,Aura,2009,4T3BA3BB2FU900487,PH,̦H̬̤̗̤͝e͜ ̜̥̝̻͍̟́w̕h̖̯͓o̝͙̖͎̱̮ ҉̺̙̞̟͈W̷̼̭a̺̪͍į͈͕̭͙̯̜t̶̼̮s̘͙͖̕ ̠̫̠B̻͍͙͉̳ͅe̵h̵̬͇̫͙i̹͓̳̳̮͎̫̕n͟d̴̪̜̖ ̰͉̩͇͙̲͞ͅT͖̼͓̪͢h͏͓̮̻e̬̝̟ͅ ̤̹̝W͙̞̝͔͇͝ͅa͏͓͔̹̼̣l̴͔̰̤̟͔ḽ̫.͕,1.71,$163.01
146,Mazda,B-Series,1991,WA1AY74L78D208840,CN,"ثم نفس سقطت وبالتحديد،, جزيرتي باستخدام أن دنو. إذ هنا؟ الستار وتنصيب كان. أهّل ايطاليا، بريطانيا-فرنسا قد أخذ. سليمان، إتفاقية بين ما, يذكر الحدود أي بعد, معاملة بولندا، الإطلاق عل إيو.",5.35,$60.52
147,Ford,Galaxie,1964,WAUMF98P06A463472,US,1/2,15.75,$45.71
148,Cadillac,Escalade ESV,2003,WDBWK5EAXAF887428,BR,-1.00,10.25,$136.11
149,Mitsubishi,Montero,1998,5UXKR2C55E0622066,AR,パーティーへ行かないか,5.03,$83.79
150,Suzuki,SX4,2008,3N1BC1CP8CK643517,UG,・(￣∀￣)・:*:,6.04,$246.72
151,Mazda,Navajo,1992,WBAGL63515D552474,JP,̡͓̞ͅI̗̘̦͝n͇͇͙v̮̫ok̲̫̙͈i̖͙̭̹̠̞n̡̻̮̣̺g̲͈͙̭͙̬͎ ̰t͔̦h̞̲e̢̤ ͍̬̲͖f̴̘͕̣è͖ẹ̥̩l͖͔͚i͓͚̦͠n͖͍̗͓̳̮g͍ ̨o͚̪͡f̘̣̬ ̖̘͖̟͙̮c҉͔̫͖͓͇͖ͅh̵̤̣͚͔á̗̼͕ͅo̼̣̥s̱͈̺̖̦̻͢.̛̖̞̠̫̰,4.93,$33.50
152,Land Rover,LR2,2010,WAUHFAFL1FN481863,CN,・(￣∀￣)・:*:,18.13,$150.40
153,Mercedes-Benz,SLK-Class,1999,TRUUT28N521403799,MG,-1.00,16.28,$152.43
154,Mercury,Cougar,2000,1G4HR54KX24506833,YE,-1E2,24.68,$84.35
155,GMC,Sonoma Club Coupe,1995,3D7TT2CT3AG378693,CZ,𠜎𠜱𠝹𠱓𠱸𠲖𠳏,12.47,$230.75
156,Acura,NSX,2002,WAUBVAFA8AN961012,PH,"""""",23.6,$178.85
157,Ford,F250,1998,SAJWA4FB8CL461197,CN,-1E2,10.84,$133.54
158,Ford,Escort,1993,5GNRNGEE5A8694290,UA,𠜎𠜱𠝹𠱓𠱸𠲖𠳏,16.37,$192.32
159,Scion,xB,2010,1G6DK8EG3A0444512,PL,울란바토르,22.2,$128.64
160,Chrysler,Aspen,2009,WA1YL64B55N123158,CN,1'; DROP TABLE users--,18.42,$170.28
161,Mitsubishi,Pajero,1987,WAUGL68E25A882439,IR,,5.2,$162.25
162,Buick,LeSabre,1990,1G4GA5GC7AF745007,PH,1E+02,21.91,$161.04
163,Nissan,Frontier,2004,WAUMFAFR1FA511955,HR,ﾟ･✿ヾ╲(｡◕‿◕｡)╱✿･ﾟ,15.77,$185.33
164,Dodge,Viper,1996,WAULF78K29N292046,PH,00˙Ɩ$-,1.16,$105.98
165,GMC,Savana 2500,1998,ML32A3HJ3FH898496,HU,"__ﾛ(,_,*)",17.47,$97.31
166,Dodge,Ram,2009,WBAPH5C58AA644771,SE,𠜎𠜱𠝹𠱓𠱸𠲖𠳏,19.58,$36.70
167,Nissan,300ZX,1992,2G4WB55K141148756,CN,"""''''""'""",0.12,$51.95
168,Ford,Ranger,1994,3N1CN7AP0DL491765,CN,👾 🙇 💁 🙅 🙆 🙋 🙎 🙍 ,4.97,$30.45
169,Suzuki,Grand Vitara,2000,YV1902FH6D2932336,CZ,❤️ 💔 💌 💕 💞 💓 💗 💖 💘 💝 💟 💜 💛 💚 💙,19.11,$205.31
170,Chevrolet,Express 3500,2009,TRURD38J691237633,PL,␣,4.83,$89.03
171,Dodge,Ram 3500 Club,1995,SALME1D41BA925415,TZ,"ثم نفس سقطت وبالتحديد،, جزيرتي باستخدام أن دنو. إذ هنا؟ الستار وتنصيب كان. أهّل ايطاليا، بريطانيا-فرنسا قد أخذ. سليمان، إتفاقية بين ما, يذكر الحدود أي بعد, معاملة بولندا، الإطلاق عل إيو.",23.3,$194.48
172,Subaru,Legacy,2003,4T1BD1FK2CU197984,RU,1/2,16.43,$104.65
173,BMW,3 Series,1994,1N4AB7AP8DN278498,TH,<script>alert('hi')</script>,22.87,$96.43
174,Toyota,Tundra,2003,2G4WB52K321526688,AM,​,0.59,$197.03
175,Eagle,Summit,1996,1G6DL1E36D0116703,PK,‪‪test‪,4.26,$108.56
176,Dodge,Viper,1997,1GYEE437390003568,ID,1'; DROP TABLE users--,15.13,$168.89
177,Honda,CR-Z,2012,1N6AA0ED0FN354882,CN,˙ɐnbᴉlɐ ɐuƃɐɯ ǝɹolop ʇǝ ǝɹoqɐl ʇn ʇunpᴉpᴉɔuᴉ ɹodɯǝʇ poɯsnᴉǝ op pǝs 'ʇᴉlǝ ƃuᴉɔsᴉdᴉpɐ ɹnʇǝʇɔǝsuoɔ 'ʇǝɯɐ ʇᴉs ɹolop ɯnsdᴉ ɯǝɹo˥,24.26,$109.36
178,Hyundai,Elantra,2010,WA1CMAFE1AD346038,EG,"""'""'""''''""",1.08,$81.98
179,Toyota,Echo,2004,5UMCN93402L497243,ID, ,1.27,$70.21
180,Toyota,Camry,2011,JH4CL959X6C957130,FR,åß∂ƒ©˙∆˚¬…æ,12.83,$224.76
181,Ford,Transit Connect,2012,JTDKN3DU7A0815936,SE,１２３,12.3,$228.63
182,Toyota,Camry,2010,KNDJT2A22D7288558,ZM,👩🏽,10.27,$208.75
183,Kia,Sportage,2001,WA1LMAFE8CD111042,AZ,⁰⁴⁵,16.87,$225.18
184,Land Rover,Range Rover Sport,2010,2G4GS5EVXC9705520,JP,⁰⁴⁵₀₁₂,9.92,$189.16
185,Pontiac,Grand Prix,1974,3D4PG4FB0BT482682,PH,-1/2,22.44,$234.65
186,Toyota,Venza,2011,WAUFGBFC6EN078146,CN,`⁄€‹›ﬁﬂ‡°·‚—±,5.61,$230.17
187,Mercedes-Benz,SLR McLaren,2006,JM1GJ1T66F1505156,CY,Ω≈ç√∫˜µ≤≥÷,15.33,$111.76
188,Acura,NSX,1996,WVWAB7AJ8CW114697,AF,-$1.00,3.26,$186.75
189,Suzuki,Daewoo Lacetti,2008,5N1AT2ML9EC217799,CF,-$1.00,6.46,$89.62
190,Volvo,S80,2009,3D73Y3CL4AG625520,BR,0/0,5.27,$53.71
191,Chevrolet,Astro,1994,JN8AZ2KR8BT520888,CN,👾 🙇 💁 🙅 🙆 🙋 🙎 🙍 ,13.04,$224.75
192,Mercury,Sable,1986,JTDKDTB34D1305099,RU,田中さんにあげて下さい,7.47,$150.28
193,Dodge,Dakota,2009,5J8TB3H70GL743052,AR,(╯°□°）╯︵ ┻━┻)  ,6.43,$229.53
194,Lincoln,Mark VII,1992,JN8AZ1MU9AW948736,ID,✋🏿 💪🏿 👐🏿 🙌🏿 👏🏿 🙏🏿,0.62,$38.38
195,Volvo,XC90,2004,WDDHF2EB7DA120634,ID,0.00,6.13,$89.53
196,Nissan,Versa,2009,WBAEV53432K066436,JP,"""''''""'""",19.0,$202.46
197,Nissan,NV2500,2012,WAUDH48H29K187669,AR,(╯°□°）╯︵ ┻━┻)  ,9.79,$222.04
198,Chevrolet,Suburban 1500,2007,JHMGE8G23AC711809,AR,1E02,7.16,$61.76
199,GMC,Sierra 1500,2000,1D7CE2BKXAS431045,JP, test ,25.49,$215.21
200,Chevrolet,Express 1500,2006,WAUFGAFB4BN159062,MV,⁰⁴⁵,22.84,$130.32
201,Chrysler,PT Cruiser,2001,5NPDH4AE6DH455956,PL,0️⃣ 1️⃣ 2️⃣ 3️⃣ 4️⃣ 5️⃣ 6️⃣ 7️⃣ 8️⃣ 9️⃣ 🔟,14.93,$195.59
202,Pontiac,Montana,2003,WAUEH74F38N679943,CN,<img src=x onerror=alert('hi') />,19.91,$246.62
203,Kia,Spectra5,2006,WAU4FBFL3CA715962,AR,Ω≈ç√∫˜µ≤≥÷,25.08,$121.92
204,Honda,CR-V,2002,5XYKT3A13CG296073,ID,1E2,14.24,$74.74
205,Pontiac,Grand Prix,1968,1C6RD7NT7CS896322,TZ,사회과학원 어학연구소,19.97,$89.08
206,Lamborghini,Diablo,2001,WBAXG5C54CC139143,RU,ﾟ･✿ヾ╲(｡◕‿◕｡)╱✿･ﾟ,19.23,$161.68
207,Cadillac,DTS,2007,WAUKH94F16N989388,ID,() { _; } >_[$($())] { touch /tmp/blns.shellshock2.fail; },5.45,$51.82
208,GMC,Yukon XL 2500,2000,1N4AA5AP5EC065285,BR,0.00,11.15,$60.00
209,Porsche,Cayman,2009,2HNYD18633H905848,PH,1,25.48,$49.17
210,Dodge,Durango,2000,5TDDCRFH5FS390397,RU,"ثم نفس سقطت وبالتحديد،, جزيرتي باستخدام أن دنو. إذ هنا؟ الستار وتنصيب كان. أهّل ايطاليا، بريطانيا-فرنسا قد أخذ. سليمان، إتفاقية بين ما, يذكر الحدود أي بعد, معاملة بولندا، الإطلاق عل إيو.",22.37,$74.87
211,Chrysler,PT Cruiser,2005,JHMZE2H58DS329669,CN,999999999999999999999999999999999999999999999999999999999999999999999999999999999999999999999999,0.76,$85.50
212,Volkswagen,Tiguan,2012,SCBCP73W09C050087,NC,Ω≈ç√∫˜µ≤≥÷,5.2,$129.67
213,Kia,Soul,2012,2G4WS55JX31113476,CN,null,23.27,$172.68
214,Lincoln,MKT,2011,SCFFBCCD0AG465490,CN,١٢٣,22.14,$151.85
215,Mitsubishi,Montero,2000,2FMPK3K92FB603540,ID,̦H̬̤̗̤͝e͜ ̜̥̝̻͍̟́w̕h̖̯͓o̝͙̖͎̱̮ ҉̺̙̞̟͈W̷̼̭a̺̪͍į͈͕̭͙̯̜t̶̼̮s̘͙͖̕ ̠̫̠B̻͍͙͉̳ͅe̵h̵̬͇̫͙i̹͓̳̳̮͎̫̕n͟d̴̪̜̖ ̰͉̩͇͙̲͞ͅT͖̼͓̪͢h͏͓̮̻e̬̝̟ͅ ̤̹̝W͙̞̝͔͇͝ͅa͏͓͔̹̼̣l̴͔̰̤̟͔ḽ̫.͕,20.19,$142.07
216,Toyota,Camry,2006,JN8AF5MR3DT732687,CN,<img src=x onerror=alert('hi') />,10.25,$150.52
217,Nissan,350Z,2006,WBAUP7C50AV625979,CN,0/0,9.46,$249.54
218,GMC,Sierra 1500,2007,SALAC2D4XCA600150,NO,⁰⁴⁵₀₁₂,19.68,$91.32
219,Buick,Century,2000,WAUCFAFC9DN621584,MX,!@#$%^&*(),8.83,$203.84
220,Lincoln,MKT,2013,19XFB2E21CE712426,CN,ÅÍÎÏ˝ÓÔÒÚÆ☃,20.81,$97.79
221,Dodge,Ram Van 2500,1996,5TFCM5F15AX314816,ID,١٢٣,19.81,$167.64
222,Chevrolet,Monte Carlo,2006,KNAFK4A60F5642645,CN,1.00,0.41,$102.74
223,Kia,Rio5,2008,JH4KA96661C792899,PA,"<>?:""{}|_+",17.18,$224.44
224,Kia,Rio,2010,WBANE53507B640412,VE,-1E+02,10.61,$236.52
225,Chevrolet,Astro,1992,SCBGR3ZA8CC215777,CN,0.00,8.36,$243.52
226,Lamborghini,Countach,1985,19UUA65506A553578,CL,␣,19.02,$119.74
227,Saab,9-5,2008,JA32U2FU3EU837178,ID,<script>alert('hi')</script>,24.89,$37.62
228,Mercury,Monterey,2005,WBA3C3C55FK422563,GN,-1E02,9.41,$240.67
229,Land Rover,Range Rover Sport,2007,1G6DD8E35E0174499,CN,<script>alert('hi')</script>,14.65,$183.59
230,Toyota,4Runner,2001,WBA3C3G51EN185139,LY,999999999999999999999999999999999999999999999999999999999999999999999999999999999999999999999999,0.73,$158.29
231,Nissan,Rogue,2011,1GYUKBEF0AR072831,TZ,🚾 🆒 🆓 🆕 🆖 🆗 🆙 🏧,19.17,$88.54
232,Dodge,Challenger,2010,WBAFU7C52BD846685,SE,ﾟ･✿ヾ╲(｡◕‿◕｡)╱✿･ﾟ,12.02,$246.12
233,Maserati,Quattroporte,2005,1J4RR4GGXBC979187,TH,👾 🙇 💁 🙅 🙆 🙋 🙎 🙍 ,0.47,$114.65
234,Maybach,57,2009,JN8AZ1FY1CW336131,PT,᠎,0.26,$85.76
235,Toyota,Solara,2004,JN1CV6EL5FM183677,CN,␢,6.09,$99.75
236,Mitsubishi,Starion,1987,WBA3V9C50EP087548,ID,1/0,5.49,$112.79
237,Scion,tC,2005,WDDPK4HA6CF533054,ID, test ,8.05,$227.75
238,Volvo,C70,2009,WBSCL93431L013390,CN,​,17.16,$158.64
239,Plymouth,Sundance,1992,JH4CL96855C522598,JP,😍,24.74,$114.49
240,Bentley,Continental GT,2006,1FBAX2CM7FK012218,EG,₀₁₂,19.33,$98.68
241,Buick,Regal,2004,1D7CW3BK3AS107390,BR,-1,17.76,$237.83
242,Pontiac,Montana,2001,1N6AF0KY1EN612527,NG,(╯°□°）╯︵ ┻━┻)  ,17.18,$123.95
243,Chevrolet,Cavalier,2000,JH4CU2E87DC541464,BR,-1.00,11.5,$138.11
244,Cadillac,Escalade ESV,2009,WBSBR93491E438627,SC,👩🏽,16.59,$163.84
245,Cadillac,Eldorado,1998,JHMGE8G35CS203634,HN,"בְּרֵאשִׁית, בָּרָא אֱלֹהִים, אֵת הַשָּׁמַיִם, וְאֵת הָאָרֶץ",25.79,$164.91
246,Land Rover,Freelander,2010,3VW4A7AT3DM149910,PE,() { _; } >_[$($())] { touch /tmp/blns.shellshock2.fail; },25.82,$121.96
247,Acura,SLX,1998,1FMJK1F52AE454657,MC,(ﾉಥ益ಥ）ﾉ﻿ ┻━┻,9.95,$245.52
248,Chrysler,300C,2005,5YMGY0C5XD0750727,PH,😍,8.3,$198.03
249,Honda,Prelude,1995,SCBLF44J88C647345,NP,👩🏽,14.23,$238.80
250,Toyota,4Runner,2009,WBXPA93446W850978,FR,␡,11.5,$170.42
251,Ford,Explorer,2010,5N1AN0NU3CN997516,IQ,(｡◕ ∀ ◕｡),10.38,$198.62
252,Toyota,Supra,1996,KMHHT6KD9BU686284,CA,<svg><script>0<1>alert('XSS')</script>,17.79,$125.07
253,Ferrari,458 Italia,2012,3C6JD6CTXCG656165,CO,和製漢語,11.65,$124.98
254,Oldsmobile,Silhouette,2001,WAUSFAFL6BA891341,PH,1/0,23.99,$89.86
255,Infiniti,FX,2008,SCFFDABM9EG332670,FR,̦H̬̤̗̤͝e͜ ̜̥̝̻͍̟́w̕h̖̯͓o̝͙̖͎̱̮ ҉̺̙̞̟͈W̷̼̭a̺̪͍į͈͕̭͙̯̜t̶̼̮s̘͙͖̕ ̠̫̠B̻͍͙͉̳ͅe̵h̵̬͇̫͙i̹͓̳̳̮͎̫̕n͟d̴̪̜̖ ̰͉̩͇͙̲͞ͅT͖̼͓̪͢h͏͓̮̻e̬̝̟ͅ ̤̹̝W͙̞̝͔͇͝ͅa͏͓͔̹̼̣l̴͔̰̤̟͔ḽ̫.͕,6.93,$78.87
256,Nissan,Maxima,1993,WAUSF78E76A713445,RU,̦H̬̤̗̤͝e͜ ̜̥̝̻͍̟́w̕h̖̯͓o̝͙̖͎̱̮ ҉̺̙̞̟͈W̷̼̭a̺̪͍į͈͕̭͙̯̜t̶̼̮s̘͙͖̕ ̠̫̠B̻͍͙͉̳ͅe̵h̵̬͇̫͙i̹͓̳̳̮͎̫̕n͟d̴̪̜̖ ̰͉̩͇͙̲͞ͅT͖̼͓̪͢h͏͓̮̻e̬̝̟ͅ ̤̹̝W͙̞̝͔͇͝ͅa͏͓͔̹̼̣l̴͔̰̤̟͔ḽ̫.͕,19.83,$240.66
257,Toyota,Sienna,2004,2T1BPRHE9FC589265,NO,社會科學院語學研究所,6.42,$153.10
258,Pontiac,Grand Prix,1973,WAUSG74F49N134809,PH,₀₁₂,2.26,$211.35
259,BMW,545,2004,3C63DRNL1CG663707,MY,() { 0; }; touch /tmp/blns.shellshock1.fail;,24.14,$212.58
260,Volkswagen,Routan,2009,5N1BA0NC8FN279973,MX,(｡◕ ∀ ◕｡),2.86,$56.50
261,Mazda,323,1994,5LMJJ3J58DE577681,CN,(｡◕ ∀ ◕｡),21.6,$32.79
262,Saturn,Ion,2005,2C3CDYAGXCH013936,CN,​,1.65,$227.93
263,Mercedes-Benz,G-Class,2011,3D7JB1EK6AG077926,SI,"בְּרֵאשִׁית, בָּרָא אֱלֹהִים, אֵת הַשָּׁמַיִם, וְאֵת הָאָרֶץ",1.75,$24.19
264,Nissan,Versa,2009,KNDJT2A58C7426824,CN,١٢٣,24.51,$182.76
265,Toyota,Tacoma Xtra,1997,5XYKT3A10DG179620,YE,!@#$%^&*(),3.24,$101.95
266,Jaguar,XK,2008,5UXKR2C56F0192808,PT,Ω≈ç√∫˜µ≤≥÷,15.26,$228.07
267,Ford,Mustang,1972,5NPEB4AC9BH563070,PH,パーティーへ行かないか,1.32,$196.43
268,Mitsubishi,3000GT,1992,JTHKD5BH7C2934645,RU,',5.33,$236.33
269,Pontiac,Turbo Firefly,1988,WBAWL73537P604237,SE, ,2.44,$105.92
270,Volkswagen,Jetta III,1994,1G6DK8EV5A0485979,BR,1E02,8.85,$73.09
271,Chevrolet,Sportvan G30,1995,WBAWV135X7P619812,SE,'',3.9,$159.06
272,GMC,Savana 1500,2006,WAUPFAFM8BA156228,RU,",./;'[]\-=",0.68,$178.37
273,Toyota,Prius,2006,3D7TT2CT8AG859507,CN,"בְּרֵאשִׁית, בָּרָא אֱלֹהִים, אֵת הַשָּׁמַיִם, וְאֵת הָאָרֶץ",6.19,$201.04
274,BMW,5 Series,1994,JTEBU5JR2E5179316,CN,$1.00,25.68,$183.31
275,Ford,Focus,2001,WAU4GBFB4BN171760,ID,",./;'[]\-=",13.78,$220.15
276,Audi,A6,2003,KNADH4A34A6047649,PT,𠜎𠜱𠝹𠱓𠱸𠲖𠳏,3.77,$102.09
277,Audi,TT,2006,3D73M4CL3AG572052,BY,999999999999999999999999999999999999999999999999999999999999999999999999999999999999999999999999,11.71,$85.18
278,Hyundai,Elantra,2005,WAUGL78E97A790186,CN,1E+02,18.71,$140.99
279,Chevrolet,Silverado 1500,2001,KNADH4A32B6822953,PS,⁦test⁧,7.14,$127.74
280,Porsche,911,2009,WAUGN94F07N453936,CN,1'; DROP TABLE users--,22.56,$146.81
281,Acura,CL,1997,WA1MYBFE1AD950462,JP,和製漢語,8.92,$98.00
282,Infiniti,M,2012,SCFBB03B17G478446,AL,00˙Ɩ$-,7.19,$206.95
283,Honda,CR-V,1998,WAUAFAFL3AA019970,RU,null,18.11,$219.03
284,Chevrolet,Corsica,1992,SCBFU7ZA7FC776946,AL,$1.00,7.64,$93.88
285,Buick,LeSabre,2000,WBAEH73494B777418,PT, test ,15.87,$228.87
286,Audi,S6,2010,1FTSW2B55AE711058,GT,🚾 🆒 🆓 🆕 🆖 🆗 🆙 🏧,18.3,$162.71
287,Dodge,Avenger,1995,JM3TB2BA3C0094685,ID,nil,14.46,$72.71
288,Toyota,Highlander,2007,1FBNE3BL2DD372990,PK,<script>alert('hi')</script>,12.6,$187.31
289,Toyota,Sienna,2009,1GYS3AEF0BR484960,GR,(ﾉಥ益ಥ）ﾉ﻿ ┻━┻,14.83,$101.44
290,Ford,Freestyle,2007,SCBLE37G85C788988,TH,<img src=x onerror=alert('hi') />,18.88,$53.09
291,Honda,Passport,1998,WAUMFAFL6DA997297,ID,-1E+02,21.99,$171.59
292,Subaru,Impreza,2003,WBAFR1C52BC962912,GB,-1E02,12.93,$246.05
293,Land Rover,Range Rover,1997,4T1BF1FK3DU277371,CN,"ثم نفس سقطت وبالتحديد،, جزيرتي باستخدام أن دنو. إذ هنا؟ الستار وتنصيب كان. أهّل ايطاليا، بريطانيا-فرنسا قد أخذ. سليمان، إتفاقية بين ما, يذكر الحدود أي بعد, معاملة بولندا، الإطلاق عل إيو.",14.06,$65.13
294,Chevrolet,Sportvan G30,1995,WA1VMBFE6ED793811,YE,../../../../../../../../../../../etc/passwd%00,12.67,$61.26
295,Suzuki,Swift,1988,5GAEV13D39J249428,CN,åß∂ƒ©˙∆˚¬…æ,23.28,$137.16
296,Toyota,MR2,1987,WBAVA33557P460684,MA,(╯°□°）╯︵ ┻━┻)  ,17.88,$178.38
297,Mazda,Miata MX-5,2008,JH4DB75511S584194,CN,¡™£¢∞§¶•ªº–≠,0.95,$127.47
298,Toyota,MR2,2003,19XFB4F21DE847210,PE,1;DROP TABLE users,3.87,$246.21
299,Land Rover,Defender,1993,2G61V5S88F9918828,IR,1E+02,9.26,$35.92
300,Lexus,RX,2011,5N1AN0NU9FN858883,AF,"__ﾛ(,_,*)",15.48,$115.40
301,Acura,RL,1996,WAU4FAFL6AA744024,CN,00˙Ɩ$-,19.85,$134.87
302,Mazda,MX-6,1997,WBAGN63424D128401,ID,"בְּרֵאשִׁית, בָּרָא אֱלֹהִים, אֵת הַשָּׁמַיִם, וְאֵת הָאָרֶץ",20.01,$93.41
303,Dodge,Aspen,1976,WBANU53599C406785,ID,ÅÍÎÏ˝ÓÔÒÚÆ☃,2.62,$218.93
304,Acura,NSX,1999,WBAKG7C51BE256753,DO,1/2,7.1,$201.60
305,Geo,Tracker,1997,1G6KF57965U079119,JP,1E02,7.92,$130.52
306,Ford,F250,1997,3C63D3JL9CG627797,ID,¸˛Ç◊ı˜Â¯˘¿,18.12,$47.88
307,Shelby,GT350,1969,5UXFE43579L952448,PH,../../../../../../../../../../../etc/hosts,8.66,$51.95
308,Pontiac,Bonneville,1965,WBS3R9C54FF339034,JM,̗̺͖̹̯͓Ṯ̤͍̥͇͈h̲́e͏͓̼̗̙̼̣͔ ͇̜̱̠͓͍ͅN͕͠e̗̱z̘̝̜̺͙p̤̺̹͍̯͚e̠̻̠͜r̨̤͍̺̖͔̖̖d̠̟̭̬̝͟i̦͖̩͓͔̤a̠̗̬͉̙n͚͜ ̻̞̰͚ͅh̵͉i̳̞v̢͇ḙ͎͟-҉̭̩̼͔m̤̭̫i͕͇̝̦n̗͙ḍ̟ ̯̲͕͞ǫ̟̯̰̲͙̻̝f ̪̰̰̗̖̭̘͘c̦͍̲̞͍̩̙ḥ͚a̮͎̟̙͜ơ̩̹͎s̤.̝̝ ҉Z̡̖̜͖̰̣͉̜a͖̰͙̬͡l̲̫̳͍̩g̡̟̼̱͚̞̬ͅo̗͜.̟,25.29,$92.46
309,Porsche,Panamera,2011,JM1NC2JF7D0978223,SL,👩🏽,1.82,$43.63
310,Chevrolet,S10,2003,3D7TP2CT5BG370455,CF,../../../../../../../../../../../etc/hosts,7.62,$50.06
311,Buick,LeSabre,1991,WAUMR44E17N527818,VN,𠜎𠜱𠝹𠱓𠱸𠲖𠳏,16.72,$73.79
312,BMW,X5,2009,SCBDR3ZA7AC576398,PT,사회과학원 어학연구소,7.26,$24.83
313,Mazda,B2500,2001,1GYFK46878R426892,JP,"""""",16.49,$167.18
314,Lexus,ES,2005,WBA1F9C52FV825609,AR,部落格,3.14,$101.45
315,Mercury,Grand Marquis,1985,WDDEJ7KB3AA516235,CN,() { 0; }; touch /tmp/blns.shellshock1.fail;,14.28,$29.33
316,Audi,90,1990,WAUSGAFC2CN309212,ID,　,11.71,$128.11
317,Foose,Hemisfear,2007,WBS3C9C51FJ421091,CN,¸˛Ç◊ı˜Â¯˘¿,16.36,$94.05
318,Ford,Mustang,2000,JN1CV6FE9EM151832,ZA,‪‪test‪,5.51,$120.96
319,Ford,Excursion,2001,5FRYD4H43FB014747,EG,,0.74,$45.75
320,Acura,NSX,1993,YV1672MC3BJ770187,GR,1E02,10.06,$190.40
321,Dodge,Intrepid,2000,SALVN2BG1DH736796,NI,田中さんにあげて下さい,16.79,$189.47
322,Chevrolet,Tahoe,1999,1D7CE2GK1AS170316,SE,␡,10.11,$95.09
323,Plymouth,Voyager,1997,1G6DG8EYXB0379654,MT,1/0,22.19,$195.72
324,Panoz,Esperante,2005,JN1BV7AP5FM333734,ID,Ṱ̺̺̕o͞ ̷i̲̬͇̪͙n̝̗͕v̟̜̘̦͟o̶̙̰̠kè͚̮̺̪̹̱̤ ̖t̝͕̳̣̻̪͞h̼͓̲̦̳̘̲e͇̣̰̦̬͎ ̢̼̻̱̘h͚͎͙̜̣̲ͅi̦̲̣̰̤v̻͍e̺̭̳̪̰-m̢iͅn̖̺̞̲̯̰d̵̼̟͙̩̼̘̳ ̞̥̱̳̭r̛̗̘e͙p͠r̼̞̻̭̗e̺̠̣͟s̘͇̳͍̝͉e͉̥̯̞̲͚̬͜ǹ̬͎͎̟̖͇̤t͍̬̤͓̼̭͘ͅi̪̱n͠g̴͉ ͏͉ͅc̬̟h͡a̫̻̯͘o̫̟̖͍̙̝͉s̗̦̲.̨̹͈̣,9.45,$138.51
325,Plymouth,Voyager,1993,19UUB3F74FA335087,ID,Ṱ̺̺̕o͞ ̷i̲̬͇̪͙n̝̗͕v̟̜̘̦͟o̶̙̰̠kè͚̮̺̪̹̱̤ ̖t̝͕̳̣̻̪͞h̼͓̲̦̳̘̲e͇̣̰̦̬͎ ̢̼̻̱̘h͚͎͙̜̣̲ͅi̦̲̣̰̤v̻͍e̺̭̳̪̰-m̢iͅn̖̺̞̲̯̰d̵̼̟͙̩̼̘̳ ̞̥̱̳̭r̛̗̘e͙p͠r̼̞̻̭̗e̺̠̣͟s̘͇̳͍̝͉e͉̥̯̞̲͚̬͜ǹ̬͎͎̟̖͇̤t͍̬̤͓̼̭͘ͅi̪̱n͠g̴͉ ͏͉ͅc̬̟h͡a̫̻̯͘o̫̟̖͍̙̝͉s̗̦̲.̨̹͈̣,18.7,$121.26
326,Ford,Econoline E150,1996,1G4GA5ER2DF534177,FR,1.00,4.48,$193.32
327,Dodge,Ram 1500 Club,1998,WAUVC68EX2A574549,PT,åß∂ƒ©˙∆˚¬…æ,19.4,$83.30
328,Lincoln,Continental,1986,WAUGL98E98A410017,FR,部落格,17.03,$25.99
329,Mercedes-Benz,SLK-Class,1998,JTHBL1EF8D5856172,CN,/dev/null; touch /tmp/blns.fail ; echo,11.36,$212.53
330,Mazda,Mazda6,2012,3D73M3CLXAG115541,VN,¡™£¢∞§¶•ªº–≠,21.97,$219.31
331,Toyota,Corolla,2012,1G4GC5GR1DF826149,PA,0/0,22.15,$178.07
332,Land Rover,Freelander,2011,5UXFE8C56AL843376,PE,Ṱ̺̺̕o͞ ̷i̲̬͇̪͙n̝̗͕v̟̜̘̦͟o̶̙̰̠kè͚̮̺̪̹̱̤ ̖t̝͕̳̣̻̪͞h̼͓̲̦̳̘̲e͇̣̰̦̬͎ ̢̼̻̱̘h͚͎͙̜̣̲ͅi̦̲̣̰̤v̻͍e̺̭̳̪̰-m̢iͅn̖̺̞̲̯̰d̵̼̟͙̩̼̘̳ ̞̥̱̳̭r̛̗̘e͙p͠r̼̞̻̭̗e̺̠̣͟s̘͇̳͍̝͉e͉̥̯̞̲͚̬͜ǹ̬͎͎̟̖͇̤t͍̬̤͓̼̭͘ͅi̪̱n͠g̴͉ ͏͉ͅc̬̟h͡a̫̻̯͘o̫̟̖͍̙̝͉s̗̦̲.̨̹͈̣,5.59,$219.28
333,Nissan,Quest,2012,WA1CFBFP5CA814472,CZ,-1,0.75,$203.22
334,Honda,Odyssey,2011,YV1952AS7D1261754,PT,¸˛Ç◊ı˜Â¯˘¿,24.88,$223.77
335,Mazda,929,1991,1GKS1HE00DR301001,ID,1,7.98,$63.85
336,Mitsubishi,Pajero,1992,1GT3CZBG6AF274868,CN,!@#$%^&*(),9.77,$243.38
337,Cadillac,CTS,2007,2T2BK1BA8EC461275,NG,⁰⁴⁵,22.85,$115.24
338,Chevrolet,Silverado 1500,2001,1GD21ZCG2DZ445159,HR,<script>alert('hi')</script>,16.13,$145.32
339,Dodge,Ram 1500 Club,2000,5GADT13S462237648,UA,‫test‫,23.46,$198.53
340,Toyota,Supra,1993,WBAYF4C56FD478955,PE,`⁄€‹›ﬁﬂ‡°·‚—±,25.6,$156.26
341,Toyota,MR2,2001,WBANU53558B004508,CN,⁰⁴⁵₀₁₂,6.67,$117.45
342,Honda,Pilot,2005,WAUAF98EX6A870698,JM,␡,11.01,$148.42
343,Buick,Park Avenue,1993,WA1LGBFE7FD567986,CL,👾 🙇 💁 🙅 🙆 🙋 🙎 🙍 ,7.37,$249.69
344,Buick,LeSabre,2004,3C63D3DL5CG621474,HR,(╯°□°）╯︵ ┻━┻)  ,24.75,$55.85
345,Lincoln,Town Car,2006,WAUAF78E87A648327,AF,nil,11.76,$236.38
346,Chevrolet,Corvette,2005,SCBBR9ZA5DC878819,CO,1/0,22.74,$78.91
347,GMC,Suburban 2500,1997,WBAUN7C54DV097177,BG,😍,23.93,$34.38
348,Lincoln,Continental,1990,1GYS3EEJ3BR422514,BR,ÅÍÎÏ˝ÓÔÒÚÆ☃,16.69,$78.53
349,Cadillac,DeVille,1995,5J8TB3H5XGL405656,LY,() { 0; }; touch /tmp/blns.shellshock1.fail;,23.84,$60.48
350,Suzuki,SX4,2008,WAUDF98E98A680035,CA,Ṱ̺̺̕o͞ ̷i̲̬͇̪͙n̝̗͕v̟̜̘̦͟o̶̙̰̠kè͚̮̺̪̹̱̤ ̖t̝͕̳̣̻̪͞h̼͓̲̦̳̘̲e͇̣̰̦̬͎ ̢̼̻̱̘h͚͎͙̜̣̲ͅi̦̲̣̰̤v̻͍e̺̭̳̪̰-m̢iͅn̖̺̞̲̯̰d̵̼̟͙̩̼̘̳ ̞̥̱̳̭r̛̗̘e͙p͠r̼̞̻̭̗e̺̠̣͟s̘͇̳͍̝͉e͉̥̯̞̲͚̬͜ǹ̬͎͎̟̖͇̤t͍̬̤͓̼̭͘ͅi̪̱n͠g̴͉ ͏͉ͅc̬̟h͡a̫̻̯͘o̫̟̖͍̙̝͉s̗̦̲.̨̹͈̣,19.77,$40.90
351,Nissan,Frontier,2008,1FAHP2DW8CG670938,SE,null,11.12,$71.58
352,Volkswagen,GTI,2010,JTEBU5JR1A5223641,PT,사회과학원 어학연구소,8.61,$219.63
353,Mitsubishi,Truck,1986,WBAYM9C55ED532151,PL,<svg><script>0<1>alert('XSS')</script>,17.34,$194.96
354,Lamborghini,Gallardo,2012,YV126MEC1F1467989,UA,null,14.79,$100.56
355,Ferrari,612 Scaglietti,2008,SCBBR93W178656032,MA,NIL,5.45,$167.05
356,Mitsubishi,Chariot,1987,WAUNF98P98A845149,BW,部落格,22.87,$208.68
357,Buick,Skylark,1993,WAUA2AFD4DN642452,AZ,部落格,16.31,$172.76
358,Toyota,Sequoia,2002,KNAFU6A21D5309404,PH,"""'""'""''''""",9.83,$141.95
359,Dodge,Journey,2011,JM3TB2BV9D0613257,CN,Œ„´‰ˇÁ¨ˆØ∏”’,7.66,$89.79
360,Volvo,S40,2002,1G6DW677650751670,BA,␡,17.64,$188.98
361,Chrysler,LHS,1994,WA1MKBFP9AA385401,UY,() { 0; }; touch /tmp/blns.shellshock1.fail;,6.33,$23.73
362,Honda,Accord,1992,1YVHZ8BA9A5146148,MV,Ṱ̺̺̕o͞ ̷i̲̬͇̪͙n̝̗͕v̟̜̘̦͟o̶̙̰̠kè͚̮̺̪̹̱̤ ̖t̝͕̳̣̻̪͞h̼͓̲̦̳̘̲e͇̣̰̦̬͎ ̢̼̻̱̘h͚͎͙̜̣̲ͅi̦̲̣̰̤v̻͍e̺̭̳̪̰-m̢iͅn̖̺̞̲̯̰d̵̼̟͙̩̼̘̳ ̞̥̱̳̭r̛̗̘e͙p͠r̼̞̻̭̗e̺̠̣͟s̘͇̳͍̝͉e͉̥̯̞̲͚̬͜ǹ̬͎͎̟̖͇̤t͍̬̤͓̼̭͘ͅi̪̱n͠g̴͉ ͏͉ͅc̬̟h͡a̫̻̯͘o̫̟̖͍̙̝͉s̗̦̲.̨̹͈̣,10.28,$99.72
363,Rolls-Royce,Phantom,2012,2G4GS5GX8E9565839,BR, test ,25.12,$87.92
364,Acura,NSX,2002,WBAKA4C59CD400766,TW,",./;'[]\-=",18.01,$89.52
365,Acura,TL,2006,1G6KD54Y33U026926,LU,🐵 🙈 🙉 🙊,12.7,$244.54
366,Hyundai,Accent,1997,1GKS1GEJ1CR036753,JP,田中さんにあげて下さい,20.36,$158.16
367,Toyota,Tacoma Xtra,2004,WBAEU33452P496043,PH,"""""",25.16,$102.81
368,Chevrolet,Aveo,2008,2HNYD28417H320938,NE,0️⃣ 1️⃣ 2️⃣ 3️⃣ 4️⃣ 5️⃣ 6️⃣ 7️⃣ 8️⃣ 9️⃣ 🔟,9.15,$56.56
369,Acura,NSX,1998,1ZVBP8AM2E5845671,FR,😍,10.46,$69.66
370,Chevrolet,Silverado 2500,2011,1G4HP57M59U440625,CN,1E+02,24.3,$78.41
371,Chevrolet,2500,1998,KNDJT2A23D7756149,SA,␣,21.84,$100.65
372,Isuzu,Hombre Space,1999,1N4AB7AP0EN556599,ID,"""'""'""''''""",14.56,$167.03
373,GMC,Sonoma,1998,WBAEA5C51AC825954,TH,test⁠test‫,17.71,$197.77
374,Land Rover,Discovery Series II,1999,5J8TB3H52GL775063,CN,👾 🙇 💁 🙅 🙆 🙋 🙎 🙍 ,24.43,$188.62
375,Toyota,Tacoma Xtra,2001,KNADH5A38B6045345,AL,¸˛Ç◊ı˜Â¯˘¿,14.49,$107.94
376,Ford,E250,2008,WAUEFAFL7FA843673,CO,✋🏿 💪🏿 👐🏿 🙌🏿 👏🏿 🙏🏿,24.9,$198.91
377,Audi,TT,2003,3C4PDCAB0ET374834,CN,␡,17.34,$81.09
378,Chevrolet,Tahoe,2003,WAUCVAFR4AA597818,CN,0.00,14.13,$149.92
379,GMC,1500,1994,1C4SDJET4CC054345,JP,パーティーへ行かないか,2.38,$168.18
380,Buick,Park Avenue,1997,1FTNF2B5XAE387537,SE,null,1.71,$232.38
381,Nissan,Titan,2011,WDDHF5KB4EA967991,AM,̗̺͖̹̯͓Ṯ̤͍̥͇͈h̲́e͏͓̼̗̙̼̣͔ ͇̜̱̠͓͍ͅN͕͠e̗̱z̘̝̜̺͙p̤̺̹͍̯͚e̠̻̠͜r̨̤͍̺̖͔̖̖d̠̟̭̬̝͟i̦͖̩͓͔̤a̠̗̬͉̙n͚͜ ̻̞̰͚ͅh̵͉i̳̞v̢͇ḙ͎͟-҉̭̩̼͔m̤̭̫i͕͇̝̦n̗͙ḍ̟ ̯̲͕͞ǫ̟̯̰̲͙̻̝f ̪̰̰̗̖̭̘͘c̦͍̲̞͍̩̙ḥ͚a̮͎̟̙͜ơ̩̹͎s̤.̝̝ ҉Z̡̖̜͖̰̣͉̜a͖̰͙̬͡l̲̫̳͍̩g̡̟̼̱͚̞̬ͅo̗͜.̟,11.92,$206.37
382,Pontiac,Grand Prix,1977,WVGAV7AX9BW992757,PT,<svg><script>0<1>alert('XSS')</script>,23.83,$215.50
383,GMC,Sierra 1500,2000,WAUR2AFD4DN134419,BH,999999999999999999999999999999999999999999999999999999999999999999999999999999999999999999999999,2.01,$209.59
384,Mercedes-Benz,W201,1988,3D73Y4CL0AG417091,ID,(ﾉಥ益ಥ）ﾉ﻿ ┻━┻,24.75,$102.80
385,Ford,Escort,2001,4F2CY0C77BK127432,PL,,2.24,$110.17
386,Dodge,Nitro,2009,WAUEH78E88A602350,CN,Ω≈ç√∫˜µ≤≥÷,12.28,$53.78
387,Chevrolet,G-Series G30,1996,JN8AF5MR7BT147012,TH,̗̺͖̹̯͓Ṯ̤͍̥͇͈h̲́e͏͓̼̗̙̼̣͔ ͇̜̱̠͓͍ͅN͕͠e̗̱z̘̝̜̺͙p̤̺̹͍̯͚e̠̻̠͜r̨̤͍̺̖͔̖̖d̠̟̭̬̝͟i̦͖̩͓͔̤a̠̗̬͉̙n͚͜ ̻̞̰͚ͅh̵͉i̳̞v̢͇ḙ͎͟-҉̭̩̼͔m̤̭̫i͕͇̝̦n̗͙ḍ̟ ̯̲͕͞ǫ̟̯̰̲͙̻̝f ̪̰̰̗̖̭̘͘c̦͍̲̞͍̩̙ḥ͚a̮͎̟̙͜ơ̩̹͎s̤.̝̝ ҉Z̡̖̜͖̰̣͉̜a͖̰͙̬͡l̲̫̳͍̩g̡̟̼̱͚̞̬ͅo̗͜.̟,15.86,$207.99
388,Hyundai,Sonata,2005,5FRYD4H29EB469339,CN,"'""'",15.91,$167.56
389,Buick,Skyhawk,1987,KL4CJASB6EB459537,CN,הָיְתָהtestالصفحات التّحول,9.59,$223.34
390,Audi,A6,1997,1D7CE3BK4AS673979,DE,(ﾉಥ益ಥ）ﾉ﻿ ┻━┻,19.53,$194.77
391,MINI,Cooper,2010,1N6AA0CC3CN643714,NG,NIL,8.39,$141.36
392,Toyota,4Runner,1997,2C4JRGAG0DR608059,SE,œ∑´®†¥¨ˆøπ“‘,4.69,$238.87
393,Acura,CL,1997,YV4960DL4A2207889,ID,␣,13.16,$237.26
394,Chevrolet,Express 3500,2005,1FTEX1E86AF203038,RU,사회과학원 어학연구소,21.81,$204.91
395,Lincoln,Aviator,2004,1N6AA0CH4DN032667,CZ,🚾 🆒 🆓 🆕 🆖 🆗 🆙 🏧,1.85,$145.12
396,Suzuki,XL-7,2002,JM1CR2W37A0385378,US,🚾 🆒 🆓 🆕 🆖 🆗 🆙 🏧,2.94,$129.53
397,Dodge,Neon,1997,1G6DV57V280952627,KE,᠎,9.19,$161.62
398,Maybach,57,2012,WBADW3C58BE567228,ID,"""",5.95,$230.16
399,Pontiac,Sunfire,2005,1C6RD6LP6CS331088,MX,1E02,10.73,$242.32
400,MINI,MINI,2002,4T1BF1FK6EU629439,RU,１２３,14.06,$239.42
401,Mazda,Navajo,1992,1FTMF1CW5AF112231,MW,울란바토르,18.88,$52.18
402,Pontiac,Torrent,2008,1GYFK638X8R087092,US,œ∑´®†¥¨ˆøπ“‘,18.06,$54.89
403,Toyota,Solara,2004,5FPYK1F47DB551473,AL,NULL,5.27,$190.56
404,Porsche,928,1991,WAUGL98E36A489116,MG,‫test‫,14.69,$113.26
405,BMW,X5 M,2011,WBAEV33432P419278,AR,999999999999999999999999999999999999999999999999999999999999999999999999999999999999999999999999,4.07,$111.08
406,Nissan,Frontier,2005,WAUKH98E68A830362,AF,̦H̬̤̗̤͝e͜ ̜̥̝̻͍̟́w̕h̖̯͓o̝͙̖͎̱̮ ҉̺̙̞̟͈W̷̼̭a̺̪͍į͈͕̭͙̯̜t̶̼̮s̘͙͖̕ ̠̫̠B̻͍͙͉̳ͅe̵h̵̬͇̫͙i̹͓̳̳̮͎̫̕n͟d̴̪̜̖ ̰͉̩͇͙̲͞ͅT͖̼͓̪͢h͏͓̮̻e̬̝̟ͅ ̤̹̝W͙̞̝͔͇͝ͅa͏͓͔̹̼̣l̴͔̰̤̟͔ḽ̫.͕,6.58,$113.21
407,Pontiac,Tempest,1961,2C3CDXGJXEH912053,BW,-1,21.5,$150.29
408,Mitsubishi,Raider,2009,3C63D3EL8CG047998,BT,1E2,0.39,$228.28
409,Nissan,Frontier,2002,ZFF75VFA2F0006017,CN,NULL,24.19,$179.44
410,Ford,Club Wagon,1998,3D73Y3HL5AG252013,JP,!@#$%^&*(),21.39,$29.25
411,Mazda,Mazda6,2007,WBAKE3C56BE426295,CN,　,21.02,$132.56
412,Cadillac,Escalade ESV,2007,WAURMAFDXEN401770,ID,0.00,23.82,$161.93
413,Chrysler,New Yorker,1995,2G4GP5EX4F9370097,FR,1E02,7.97,$72.08
414,Chevrolet,Express,2009,1C3CDFBB3FD325573,GR,0️⃣ 1️⃣ 2️⃣ 3️⃣ 4️⃣ 5️⃣ 6️⃣ 7️⃣ 8️⃣ 9️⃣ 🔟,21.84,$226.77
415,Dodge,Intrepid,1999,1D7RE2GK9BS938037,CN,",。・:*:・゜’( ☻ ω ☻ )。・:*:・゜’",20.94,$70.55
416,Dodge,Ram 2500,2001,WAUVT68E62A184614,PL,｀ｨ(´∀｀∩,0.28,$102.77
417,Chevrolet,Suburban 2500,2005,WBAVB73537P755223,CN,"'""'",14.75,$44.54
418,Mitsubishi,Eclipse,1989,SCFAB423X3K255875,ID,(ﾉಥ益ಥ）ﾉ﻿ ┻━┻,19.83,$116.16
419,Audi,R8,2012,1G6DA5EG0A0962689,CN,../../../../../../../../../../../etc/passwd%00,7.57,$229.87
420,Volkswagen,Cabriolet,2002,WAUJT68E85A951852,GW,הָיְתָהtestالصفحات التّحول,6.94,$240.48
421,Aston Martin,V8 Vantage,2009,ZFF75VFAXF0964533,RU,,25.67,$64.41
422,Kia,Spectra,2009,JH4KC1F3XEC780794,CN,åß∂ƒ©˙∆˚¬…æ,11.63,$199.67
423,Mitsubishi,Lancer Evolution,2006,3C4PDDEG0ET555055,KZ,̗̺͖̹̯͓Ṯ̤͍̥͇͈h̲́e͏͓̼̗̙̼̣͔ ͇̜̱̠͓͍ͅN͕͠e̗̱z̘̝̜̺͙p̤̺̹͍̯͚e̠̻̠͜r̨̤͍̺̖͔̖̖d̠̟̭̬̝͟i̦͖̩͓͔̤a̠̗̬͉̙n͚͜ ̻̞̰͚ͅh̵͉i̳̞v̢͇ḙ͎͟-҉̭̩̼͔m̤̭̫i͕͇̝̦n̗͙ḍ̟ ̯̲͕͞ǫ̟̯̰̲͙̻̝f ̪̰̰̗̖̭̘͘c̦͍̲̞͍̩̙ḥ͚a̮͎̟̙͜ơ̩̹͎s̤.̝̝ ҉Z̡̖̜͖̰̣͉̜a͖̰͙̬͡l̲̫̳͍̩g̡̟̼̱͚̞̬ͅo̗͜.̟,8.39,$50.53
424,Ford,E250,2004,JH4NA12614T253681,LU,１２３,12.66,$84.86
425,Chevrolet,Avalanche 2500,2006,JTDKDTB37D1809808,NL,1/2,6.04,$123.50
426,Pontiac,Grand Prix,1987,WAUJC68E93A355923,ID,0/0,8.65,$195.98
427,Nissan,300ZX,1992,JN8AZ1MU4CW672355,CA,"'""'",2.5,$116.84
428,BMW,M5,2008,2FMGK5B8XEB389804,ID,0/0,22.13,$171.93
429,Ford,Explorer,2009,JH4CU2F67AC933157,CN, ,7.33,$149.79
430,Mazda,929,1989,1G4PR5SK7C4154312,MY,"""""",19.14,$208.77
431,GMC,Savana 3500,1999,1C4AJWAGXDL089855,ID,"ثم نفس سقطت وبالتحديد،, جزيرتي باستخدام أن دنو. إذ هنا؟ الستار وتنصيب كان. أهّل ايطاليا، بريطانيا-فرنسا قد أخذ. سليمان، إتفاقية بين ما, يذكر الحدود أي بعد, معاملة بولندا، الإطلاق عل إيو.",13.34,$214.30
432,Chevrolet,Express 1500,2009,19UUA8F57EA267395,DK,"""'""'""''''""",7.12,$151.69
433,Mazda,CX-5,2013,YV140MAK2F1634335,BR,᠎,13.24,$60.96
434,Pontiac,GTO,1969,WAUDF48H78K236790,MK,0.00,19.15,$204.82
435,Toyota,MR2,2002,1G6KD57YX7U761887,CN,1/2,17.4,$22.59
436,Chrysler,300,2011,5UXWY3C5XF0681660,VN,Ω≈ç√∫˜µ≤≥÷,13.72,$165.34
437,Acura,NSX,1992,WAUBGAFB8AN930894,CO,(ﾉಥ益ಥ）ﾉ﻿ ┻━┻,16.07,$140.48
438,Ford,Crown Victoria,2000,1GYS4HKJ3FR475173,NO,(ﾉಥ益ಥ）ﾉ﻿ ┻━┻,5.64,$155.84
439,Lamborghini,Murciélago,2005,WAUSH98E97A642658,PL,﻿,23.39,$80.42
440,Pontiac,Grand Prix,1987,3G5DA03L07S037547,BR,$1.00,2.41,$88.96
441,Chevrolet,Suburban 2500,1997,WAU4GBFB9AN434274,BD,() { _; } >_[$($())] { touch /tmp/blns.shellshock2.fail; },12.59,$121.92
442,Mitsubishi,Mighty Max,1996,5TFBW5F1XDX040250,CN,部落格,13.31,$172.72
443,Audi,A4,2006,SAJWA4EC1CM995761,HT,パーティーへ行かないか,23.02,$81.17
444,Toyota,T100,1997,WBANA53594B736871,PT,"בְּרֵאשִׁית, בָּרָא אֱלֹהִים, אֵת הַשָּׁמַיִם, וְאֵת הָאָרֶץ",7.06,$228.44
445,Subaru,Outback,2005,1G6AH5RX9E0110954,ZA,Z̮̞̠͙͔ͅḀ̗̞͈̻̗Ḷ͙͎̯̹̞͓G̻O̭̗̮,14.8,$161.29
446,Chevrolet,1500,1998,3D7TT2CT6BG299908,CN,⁰⁴⁵₀₁₂,24.38,$81.59
447,Suzuki,SX4,2012,WAUAC68D41A572056,ID,1.00,12.5,$197.96
448,Subaru,Tribeca,2010,WBANU53599C081880,RU,null,7.17,$191.01
449,Dodge,Durango,2011,3MZBM1U79EM960848,MN,ヽ༼ຈل͜ຈ༽ﾉ ヽ༼ຈل͜ຈ༽ﾉ ,19.29,$229.61
450,GMC,Rally Wagon G3500,1996,WUADNAFG8AN210351,RU,Œ„´‰ˇÁ¨ˆØ∏”’,17.43,$31.31
451,Chevrolet,Colorado,2009,WBY2Z2C54EV080641,AR,"""'""'""''''""",17.39,$249.36
452,Lexus,RX,2010,5J6TF2H54DL314854,PE,`⁄€‹›ﬁﬂ‡°·‚—±,18.01,$31.81
453,Buick,LaCrosse,2009,WBADT43453G359397,CN,ヽ༼ຈل͜ຈ༽ﾉ ヽ༼ຈل͜ຈ༽ﾉ ,2.9,$177.77
454,Audi,5000S,1986,2HNYB1H62DH544751,RU,1E02,7.74,$72.27
455,Hyundai,Santa Fe,2011,5UXWZ7C52F0371989,PK,Œ„´‰ˇÁ¨ˆØ∏”’,3.11,$187.77
456,Buick,Lucerne,2009,WBA1K5C56FV451493,ID,ﾟ･✿ヾ╲(｡◕‿◕｡)╱✿･ﾟ,10.17,$92.01
457,Pontiac,Firebird,1967,JA4AS2AWXDU934897,PL,‪‪test‪,13.91,$215.20
458,Lotus,Esprit,1991,1HGCR2F38EA706250,BR,הָיְתָהtestالصفحات التّحول,15.63,$26.97
459,Mazda,B-Series,2002,1GYS4FEJ0CR023094,US,⁰⁴⁵,6.36,$229.92
460,Toyota,T100 Xtra,1998,3D7TP2CT9AG729434,NG,¡™£¢∞§¶•ªº–≠,11.43,$243.08
461,Lexus,ES,2001,WAUSF98KX9A012310,ID,✋🏿 💪🏿 👐🏿 🙌🏿 👏🏿 🙏🏿,1.3,$111.98
462,GMC,1500 Club Coupe,1992,1G6KD57Y02U772681,SE,0.00,9.87,$196.64
463,Buick,Regal,2000,WAUAFAFL6DN756951,PH,הָיְתָהtestالصفحات التّحول,13.48,$35.92
464,Ford,F-350 Super Duty,2006,1N4AB7AP2DN348450,IE,✋🏿 💪🏿 👐🏿 🙌🏿 👏🏿 🙏🏿,5.57,$86.24
465,Land Rover,Discovery,1994,WA1AY94L58D602817,CN,00˙Ɩ$-,8.31,$27.32
466,BMW,7 Series,2009,5GAKVBKD5DJ410199,ID,0.00,12.24,$144.80
467,Volkswagen,Fox,1987,SALVP2BG2FH675200,CL,1/0,8.36,$183.01
468,Chevrolet,Corvette,1965,WBANB53546C604207,AO,<script>alert('hi')</script>,18.79,$179.64
469,Mercedes-Benz,300E,1993,WBSPM9C56AE285783,CA,🚾 🆒 🆓 🆕 🆖 🆗 🆙 🏧,23.09,$227.95
470,Jeep,Cherokee,1993,1GYFC16299R055050,UY,👩🏽,18.32,$159.35
471,Pontiac,Parisienne,1986,1HGCP2E37AA950392,CN,1.00,21.8,$24.04
472,Pontiac,Bonneville,1986,1FMCU5K39AK163380,PH,1E2,13.52,$177.85
473,Mazda,Protege,1994,SCBGR3ZA5CC053168,BY,和製漢語,10.0,$53.41
474,Chevrolet,Express 1500,2006,WA1BV94L28D733829,JP,⁰⁴⁵,1.47,$99.50
475,Porsche,Boxster,2003,YV126MFJ3F1679953,FR,😍,16.64,$50.09
476,Chevrolet,Cruze,2011,WBANB53556C023010,CN,社會科學院語學研究所,0.49,$159.35
477,Ford,Econoline E250,2000,5N1AT2MK7EC224354,TG,¸˛Ç◊ı˜Â¯˘¿,8.85,$29.47
478,Acura,TL,1995,3D73Y4CL6BG416352,FR,00˙Ɩ$-,10.37,$214.30
479,Toyota,Camry,2012,JN1AZ4EH2FM928879,SE,¸˛Ç◊ı˜Â¯˘¿,1.66,$208.60
480,Dodge,Ram 1500,2010,TRUWT28N711727716,AL,NULL,0.15,$233.97
481,Mercedes-Benz,W201,1984,WBALL5C51FP954083,MY,'',21.43,$237.89
482,Hyundai,Equus,2013,WBAFB33481L295852,SE,NIL,4.32,$75.04
483,Pontiac,Grand Prix,1976,5J6TF1H58DL074458,CN,和製漢語,10.52,$42.26
484,Dodge,Dakota Club,2001,5N1AL0MM0FC282880,UA,✋🏿 💪🏿 👐🏿 🙌🏿 👏🏿 🙏🏿,23.21,$161.17
485,Porsche,Panamera,2012,1GD21ZCG7CZ144711,SY, ,20.37,$133.21
486,Mitsubishi,Mirage,1986,5TDDK3DC7ES604926,PL,田中さんにあげて下さい,8.99,$197.49
487,Chevrolet,Camaro,1993,1D7RB1CP0AS536250,ID,1.00,4.83,$122.88
488,Mitsubishi,GTO,1997,WBA3V7C57F5634218,CN,｀ｨ(´∀｀∩,13.03,$130.51
489,Mitsubishi,Galant,2000,19VDE1F50DE497942,YE,(｡◕ ∀ ◕｡),24.54,$208.76
490,Maybach,57,2010,WVWAA7AH9AV382032,PT,部落格,21.4,$55.42
491,Lincoln,MKX,2007,3GYEK62N36G055231,ID,1E02,25.23,$119.93
492,Chevrolet,SSR,2006,SALVP2BG8EH435390,CN,(｡◕ ∀ ◕｡),4.72,$168.53
493,Nissan,Xterra,2011,1GYS3GEF8CR863516,CN,⁰⁴⁵₀₁₂,24.98,$95.08
494,Mercury,Grand Marquis,1990,KNDPB3AC5F7862911,EG,1E2,19.95,$125.46
495,Chevrolet,Camaro,1997,WAULT58E74A692465,MG,-1E2,12.44,$129.44
496,Volkswagen,Beetle,1965,2C3CDXEJ7DH066465,SY,⁰⁴⁵,18.67,$189.23
497,Ford,Mustang,2008,1GYS4MKJ0FR788416,RU,"'""'",21.11,$238.23
498,Mercedes-Benz,600SEL,1992,3VWPG3AG9AM938923,CI,-1,6.06,$67.62
499,Pontiac,LeMans,1966,WBALM5C57BE420072,JP,-$1.00,22.33,$180.94
500,Buick,Rendezvous,2004,2B3CL5CT5BH437628,PH,,23.94,$60.85
501,Land Rover,Range Rover Sport,2009,4T1BK1EB9EU617492,CN,test⁠test‫,8.66,$229.04
502,Volvo,S60,2013,1FTEW1E82AF949327,SE,(ﾉಥ益ಥ）ﾉ﻿ ┻━┻,0.48,$236.19
503,Chrysler,Concorde,1999,1FTSW2A50AE742879,LC,¸˛Ç◊ı˜Â¯˘¿,23.07,$153.94
504,Subaru,Baja,2006,SALVP1BG4EH423585,NI,"__ﾛ(,_,*)",17.1,$80.02
505,Pontiac,Trans Sport,1999,SCFFDCCD5CG152500,DE,<script>alert('hi')</script>,25.0,$61.12
506,Chrysler,LHS,1995,19UUA9E56EA432702,CZ,␣,25.96,$23.08
507,Mercedes-Benz,SLK-Class,2007,KMHFC4DD1AA154360,EE,1E+02,24.18,$173.66
508,Subaru,Legacy,1998,WAUZL54B51N064608,CN,部落格,7.53,$167.48
509,Ford,Aerostar,1989,5GAKVAED8BJ563601,LU,0/0,16.06,$162.15
510,Volvo,C70,1999,WDDHF0EB1EA176929,PF,nil,7.83,$60.22
511,Mazda,Miata MX-5,2005,1G4CW54K944409144,PH,'',13.81,$50.38
512,Saturn,Outlook,2009,3VW4T7AT8DM650625,AM,␢,10.19,$92.49
513,Audi,A6,1995,1G6DJ5EY9B0913436,CN,⁰⁴⁵₀₁₂,7.81,$104.47
514,Honda,Prelude,1993,ZFBCFABH2EZ866065,FR,👩🏽,23.58,$37.60
515,Buick,Century,1995,19UUB3F53FA777454,RU,åß∂ƒ©˙∆˚¬…æ,20.67,$24.89
516,BMW,M3,2009,WBAWR33529P105519,LS,œ∑´®†¥¨ˆøπ“‘,9.61,$35.50
517,GMC,Yukon XL 2500,2004,JH4CU2E83CC729705,PL,¡™£¢∞§¶•ªº–≠,7.5,$206.03
518,Jeep,Cherokee,2000,WDDGF4HB1CA343110,FR,⁰⁴⁵₀₁₂,18.25,$191.38
519,Cadillac,STS,2006,2D4RN6DX9AR382204,RU,｀ｨ(´∀｀∩,3.56,$143.24
520,BMW,550,2006,1C3BCBEB8CN621245,ID,１２３,4.24,$155.06
521,Pontiac,Grand Am,1996,KMHGH4JH2EU911560,BR,　,13.0,$223.16
522,Lincoln,Navigator,2006,5FRYD3H46GB149300,CN,👩🏽,20.23,$122.26
523,Mitsubishi,Mirage,1989,1GD21ZCG7CZ701715,CM,Œ„´‰ˇÁ¨ˆØ∏”’,12.51,$171.18
524,Honda,Insight,2002,1FMCU4K38BK456909,CN,../../../../../../../../../../../etc/passwd%00,23.78,$41.99
525,Morgan,Aero 8,2008,5FRYD3H64FB456058,CN,-1.00,1.31,$201.27
526,Cadillac,Eldorado,2002,5GAER23D19J581345,ID,(｡◕ ∀ ◕｡),5.18,$54.83
527,Chevrolet,Express 2500,2012,WBADW3C57BE700786,NG,　,23.83,$214.35
528,Rolls-Royce,Phantom,2006,WBAKX6C56CC090821,AR,✋🏿 💪🏿 👐🏿 🙌🏿 👏🏿 🙏🏿,14.85,$195.97
529,Mazda,Familia,1988,WAUEKBFB9AN562002,AF,,5.88,$211.80
530,Kia,Spectra,2003,JA32X2HU7BU895679,PT,❤️ 💔 💌 💕 💞 💓 💗 💖 💘 💝 💟 💜 💛 💚 💙,20.4,$234.44
531,Citroën,SM,1972,JTHBC1KS0B5437411,PL,❤️ 💔 💌 💕 💞 💓 💗 💖 💘 💝 💟 💜 💛 💚 💙,6.71,$189.76
532,Audi,A4,2004,WAUHF98P28A384843,CN,"""''''""'""",21.22,$60.94
533,Subaru,SVX,1995,1GYS4HEF4ER051538,CN,$1.00,9.57,$202.59
534,Kia,Optima,2002,3VW517AT5EM047904,CN,Ω≈ç√∫˜µ≤≥÷,5.89,$125.14
535,Volkswagen,GTI,2001,2HNYD18821H639964,BA,null,0.64,$142.19
536,Mazda,Tribute,2009,5NPDH4AE1EH374915,CA,"ثم نفس سقطت وبالتحديد،, جزيرتي باستخدام أن دنو. إذ هنا؟ الستار وتنصيب كان. أهّل ايطاليا، بريطانيا-فرنسا قد أخذ. سليمان، إتفاقية بين ما, يذكر الحدود أي بعد, معاملة بولندا، الإطلاق عل إيو.",1.7,$43.65
537,BMW,7 Series,2009,3C4PDDEG2DT038225,CN,👩🏽,18.57,$69.65
538,Scion,xB,2005,2T1BU4EE5DC912272,BR,⁦test⁧,8.93,$147.05
539,Mercury,Marquis,1986,1G6DC67A980354785,CN,｀ｨ(´∀｀∩,12.08,$232.77
540,Lamborghini,Diablo,1999,3VW117AU7FM916060,NL,⁰⁴⁵₀₁₂,16.44,$43.01
541,Dodge,Ram 3500 Club,1997,YV4902BZ7D1730693,CA,Z̮̞̠͙͔ͅḀ̗̞͈̻̗Ḷ͙͎̯̹̞͓G̻O̭̗̮,18.19,$223.50
542,Ford,Ranger,1986,JN8AZ2KR9CT847513,BR,⁰⁴⁵₀₁₂,13.48,$216.93
543,Ford,F250,2007,WA1VMAFP2FA957733,VN,"בְּרֵאשִׁית, בָּרָא אֱלֹהִים, אֵת הַשָּׁמַיִם, וְאֵת הָאָרֶץ",24.87,$167.48
544,BMW,M3,2004,1FTEW1CF4FF760901,ID,パーティーへ行かないか,3.19,$214.78
545,Land Rover,Defender,1992,WAUEF78E38A587200,GN,"בְּרֵאשִׁית, בָּרָא אֱלֹהִים, אֵת הַשָּׁמַיִם, וְאֵת הָאָרֶץ",10.11,$172.07
546,Mazda,Miata MX-5,1992,1FTWW3CY8AE939992,CN,999999999999999999999999999999999999999999999999999999999999999999999999999999999999999999999999,1.92,$239.80
547,Ford,E-Series,1986,1N6AF0LX9FN746256,ID,../../../../../../../../../../../etc/hosts,24.31,$194.73
548,GMC,Rally Wagon 3500,1994,WAUXL58E95A543039,JP,ÅÍÎÏ˝ÓÔÒÚÆ☃,7.85,$212.23
549,GMC,Canyon,2010,2G61R5S3XF9235294,TH,和製漢語,19.67,$236.79
550,Kia,Sephia,1996,4JGBF2FB9AA529952,US,‫test‫,4.87,$221.66
551,Ford,Escort,1993,1D7CW2BK6AS357734,BR,١٢٣,25.31,$194.47
552,Pontiac,6000,1985,JN8AE2KP0B9712538,PL,🐵 🙈 🙉 🙊,8.58,$124.48
553,Subaru,SVX,1994,5N1BA0NE2FN495223,MG,Z̮̞̠͙͔ͅḀ̗̞͈̻̗Ḷ͙͎̯̹̞͓G̻O̭̗̮,15.58,$110.14
554,Dodge,Ram 3500,1998,TRUDD38J181263713,NA,✋🏿 💪🏿 👐🏿 🙌🏿 👏🏿 🙏🏿,17.53,$53.27
555,Buick,LeSabre,1991,1D4PT7GX8BW858093,SE,1/2,9.72,$245.00
556,Lexus,ES,1990,5NPEB4AC4DH541089,CN,null,6.99,$97.75
557,GMC,Savana 2500,2005,WBAGK93431D740032,SV,"ثم نفس سقطت وبالتحديد،, جزيرتي باستخدام أن دنو. إذ هنا؟ الستار وتنصيب كان. أهّل ايطاليا، بريطانيا-فرنسا قد أخذ. سليمان، إتفاقية بين ما, يذكر الحدود أي بعد, معاملة بولندا، الإطلاق عل إيو.",24.14,$78.07
558,Honda,Civic,2001,WBAUP9C51CV033926,PH,(ﾉಥ益ಥ）ﾉ﻿ ┻━┻,22.91,$62.44
559,Cadillac,Escalade,2008,WDDHF7GB3EB952879,CN,␣,6.75,$98.99
560,GMC,Envoy XL,2002,1G6DC8EY7B0015784,PT,˙ɐnbᴉlɐ ɐuƃɐɯ ǝɹolop ʇǝ ǝɹoqɐl ʇn ʇunpᴉpᴉɔuᴉ ɹodɯǝʇ poɯsnᴉǝ op pǝs 'ʇᴉlǝ ƃuᴉɔsᴉdᴉpɐ ɹnʇǝʇɔǝsuoɔ 'ʇǝɯɐ ʇᴉs ɹolop ɯnsdᴉ ɯǝɹo˥,12.84,$192.62
561,Volkswagen,Jetta III,1995,JHMZF1C63CS639671,US,1,24.02,$193.96
562,Maybach,62,2003,WAUBH78E16A672045,CN,"ثم نفس سقطت وبالتحديد،, جزيرتي باستخدام أن دنو. إذ هنا؟ الستار وتنصيب كان. أهّل ايطاليا، بريطانيا-فرنسا قد أخذ. سليمان، إتفاقية بين ما, يذكر الحدود أي بعد, معاملة بولندا، الإطلاق عل إيو.",10.82,$48.61
563,Dodge,Ram Van 1500,2001,1G6KD57Y61U027514,CN,../../../../../../../../../../../etc/hosts,7.97,$175.44
564,Mercedes-Benz,W201,1989,JM1CR2W37A0216509,PL,"""'""'""''''""",10.32,$73.33
565,Subaru,Impreza,2001,KNDJT2A15B7831955,ID,₀₁₂,17.13,$23.91
566,Ford,Explorer Sport,2003,2C3CCARG0EH051712,CZ,(ﾉಥ益ಥ）ﾉ﻿ ┻━┻,14.43,$68.42
567,Plymouth,Voyager,1993,3C3CFFHH2DT645190,HN,-1E+02,19.24,$91.90
568,Hyundai,Santa Fe,2009,5N1AA0ND3FN882348,ID,-1E02,18.08,$164.32
569,Toyota,TundraMax,2007,1N6AF0LX5FN079945,UG,"""''''""'""",10.71,$140.15
570,Lincoln,Town Car,1994,SCBBP93W89C651254,PL,​,2.28,$203.77
571,GMC,Suburban 1500,1999,WAUSFAFL7CA082819,US,"ثم نفس سقطت وبالتحديد،, جزيرتي باستخدام أن دنو. إذ هنا؟ الستار وتنصيب كان. أهّل ايطاليا، بريطانيا-فرنسا قد أخذ. سليمان، إتفاقية بين ما, يذكر الحدود أي بعد, معاملة بولندا، الإطلاق عل إيو.",14.48,$247.78
572,Honda,CR-V,2003,19UUA56672A896917,CN,<script>alert('hi')</script>,3.36,$193.07
573,Mercedes-Benz,SLS AMG,2011,1G6AL1R30F0772069,UA,1,6.93,$61.14
574,Saturn,S-Series,2001,1GD010CG3BF608564,FR,̗̺͖̹̯͓Ṯ̤͍̥͇͈h̲́e͏͓̼̗̙̼̣͔ ͇̜̱̠͓͍ͅN͕͠e̗̱z̘̝̜̺͙p̤̺̹͍̯͚e̠̻̠͜r̨̤͍̺̖͔̖̖d̠̟̭̬̝͟i̦͖̩͓͔̤a̠̗̬͉̙n͚͜ ̻̞̰͚ͅh̵͉i̳̞v̢͇ḙ͎͟-҉̭̩̼͔m̤̭̫i͕͇̝̦n̗͙ḍ̟ ̯̲͕͞ǫ̟̯̰̲͙̻̝f ̪̰̰̗̖̭̘͘c̦͍̲̞͍̩̙ḥ͚a̮͎̟̙͜ơ̩̹͎s̤.̝̝ ҉Z̡̖̜͖̰̣͉̜a͖̰͙̬͡l̲̫̳͍̩g̡̟̼̱͚̞̬ͅo̗͜.̟,8.34,$61.44
575,Chevrolet,Colorado,2006,KMHD35LH8FU308733,EE,␢,15.29,$111.44
576,Cadillac,XLR,2007,2C3CK5CV0AH572702,PL,nil,8.13,$240.62
577,Subaru,Legacy,2000,5J6TF3H32CL418391,PL,",。・:*:・゜’( ☻ ω ☻ )。・:*:・゜’",14.06,$241.49
578,Land Rover,Range Rover,1992,5N1AN0NW7FN023544,PL,"""'""'""''''""",20.03,$57.09
579,Jaguar,XJ,2011,5UXFA93595L602855,CA,1E2,0.77,$225.08
580,Lexus,GS,2010,WBA3B5C50EF964174,ID,"ثم نفس سقطت وبالتحديد،, جزيرتي باستخدام أن دنو. إذ هنا؟ الستار وتنصيب كان. أهّل ايطاليا، بريطانيا-فرنسا قد أخذ. سليمان، إتفاقية بين ما, يذكر الحدود أي بعد, معاملة بولندا، الإطلاق عل إيو.",7.09,$77.84
581,GMC,Canyon,2009,1G6DK5ED2B0787012,ID,👾 🙇 💁 🙅 🙆 🙋 🙎 🙍 ,2.87,$49.83
582,Nissan,Frontier,2007,JTHBE5C25A2543370,PE,Ω≈ç√∫˜µ≤≥÷,4.71,$190.10
583,Oldsmobile,Cutlass Supreme,1993,WBAWC735X9E507177,MN,␣,3.79,$235.21
584,Saab,900,1987,WAULFAFR4BA944014,PT,‫test‫,11.98,$119.46
585,Toyota,Celica,2005,WAULD54B03N615064,ID,999999999999999999999999999999999999999999999999999999999999999999999999999999999999999999999999,2.15,$182.46
586,Hyundai,Tucson,2011,WAUGGBFC7DN716858,BR,1E02,13.07,$185.62
587,Mazda,B-Series Plus,1995,1G4HP57276U791854,IR,᠎,18.27,$118.55
588,GMC,Envoy,2009,JTHBE1D22E5745837,PL,🐵 🙈 🙉 🙊,13.81,$141.41
589,Daewoo,Nubira,2001,1GD311CG1FF980655,JP,﻿,9.01,$89.81
590,Saturn,L-Series,2005,JH4KB16617C917430,NZ,null,17.79,$129.14
591,Ford,Taurus,1987,WAUKH94F06N769465,BR,() { _; } >_[$($())] { touch /tmp/blns.shellshock2.fail; },3.97,$99.36
592,Mitsubishi,GTO,1993,JN8AS5MT2BW551468,CO,(ﾉಥ益ಥ）ﾉ﻿ ┻━┻,25.2,$81.18
593,GMC,Sonoma,2001,1N6AA0EC9FN398774,CN,Ω≈ç√∫˜µ≤≥÷,1.17,$175.23
594,Cadillac,Fleetwood,1995,WAU2MAFC4EN598685,GE,1/2,7.61,$127.58
595,Isuzu,Rodeo,2003,WAUNG74F29N836995,ID,-1/2,6.82,$182.01
596,Chevrolet,Suburban 1500,2006,2HNYD2H25DH663231,CN,␡,1.84,$217.40
597,Nissan,Altima,2000,5BZAF0AA5FN740682,SL,,18.5,$110.96
598,BMW,5 Series,2011,1GD12XEG4FF222863,RU,-1E2,1.39,$185.06
599,Mitsubishi,Galant,1995,WAUFEAFM6DA635135,CN,"'""'",8.07,$247.19
600,Volvo,V70,2004,1G6KF54905U278459,CN,"""""",12.96,$68.28
601,Isuzu,Rodeo,2004,3D73M4EL8AG611411,BR,᠎,12.95,$145.27
602,Suzuki,Swift,1995,4T1BK3DB5AU316855,PH,',20.98,$66.46
603,Lexus,GX,2009,WAUEFAFL8EN214138,CN,␡,19.12,$111.12
604,Toyota,Tundra,2012,TRUB3AFKXC1900519,PT,１２３,0.17,$122.83
605,Chevrolet,Avalanche,2008,JN8AF5MR7DT753378,BR,test⁠test‫,3.2,$221.87
606,Mitsubishi,Excel,1988,WAUML64B33N814428,PH,｀ｨ(´∀｀∩,9.62,$168.89
607,Hummer,H1,1993,2G4GU5GX6E9297108,AR,🐵 🙈 🙉 🙊,25.91,$108.76
608,Dodge,Ram 50,1993,SCBZK25E22C630849,UA,1.00,4.69,$140.44
609,BMW,M5,2001,JN1CV6AP7BM407700,ID,Œ„´‰ˇÁ¨ˆØ∏”’,24.15,$46.71
610,Kia,Rio,2004,5N1AA0NDXEN654765,FR,✋🏿 💪🏿 👐🏿 🙌🏿 👏🏿 🙏🏿,6.88,$44.58
611,Chevrolet,Suburban 2500,2007,WAUVC58E15A394455,SY,﻿,22.64,$114.83
612,Plymouth,Prowler,1999,WBA6B8C59FD227020,PH,👩🏽,25.07,$230.20
613,Lamborghini,Gallardo,2004,WA1LMAFE7FD814491,CN,"בְּרֵאשִׁית, בָּרָא אֱלֹהִים, אֵת הַשָּׁמַיִם, וְאֵת הָאָרֶץ",19.1,$67.39
614,Infiniti,G,2006,1GKS1AEC7FR594299,ET,-1.00,7.24,$111.93
615,Nissan,Pathfinder,2010,1D7RB1GP4AS605175,US,"""",5.48,$21.67
616,Lamborghini,Countach,1988,3VW1K7AJ3DM377470,CN,-1.00,16.1,$92.64
617,Mazda,CX-5,2013,5N1AT2ML6EC081924,FR,᠎,8.48,$88.29
618,Lexus,GS,2001,1G6DS5E36D0847187,LT,١٢٣,15.29,$206.52
619,Isuzu,i-Series,2006,WAULH54B51N091542,ID,ÅÍÎÏ˝ÓÔÒÚÆ☃,6.05,$36.87
620,Dodge,Ram 2500,2008,JN8AF5MR8ET808485,US,',25.52,$147.46
621,Mercedes-Benz,SLK-Class,2001,WBAFV3C56FD337467,WF,˙ɐnbᴉlɐ ɐuƃɐɯ ǝɹolop ʇǝ ǝɹoqɐl ʇn ʇunpᴉpᴉɔuᴉ ɹodɯǝʇ poɯsnᴉǝ op pǝs 'ʇᴉlǝ ƃuᴉɔsᴉdᴉpɐ ɹnʇǝʇɔǝsuoɔ 'ʇǝɯɐ ʇᴉs ɹolop ɯnsdᴉ ɯǝɹo˥,22.7,$225.96
622,Porsche,Boxster,1998,WAUUL78E25A609414,CN,test⁠test‫,12.56,$132.36
623,Mazda,B-Series Plus,1999,2G4WS52J011910207,ID,œ∑´®†¥¨ˆøπ“‘,4.87,$146.18
624,Mazda,Familia,1988,5J6TF2H58EL022593,CN,0/0,18.22,$123.16
625,Mazda,Navajo,1992,1G4GA5EC4BF153620,CZ,¸˛Ç◊ı˜Â¯˘¿,9.03,$37.75
626,Acura,TL,2008,SCFEBBCF3BG056019,CN,𠜎𠜱𠝹𠱓𠱸𠲖𠳏,11.28,$167.39
627,Chevrolet,Prizm,2000,WAU2GAFC5DN546410,DK,1/0,13.16,$229.10
628,Buick,Lucerne,2007,WAUKFAFL8EA805399,CZ,œ∑´®†¥¨ˆøπ“‘,1.19,$167.65
629,Volkswagen,rio,1995,2HNYD28648H908030,ID,₀₁₂,9.35,$101.88
630,Ford,Taurus X,2008,3D73M4CL6AG317220,MQ,Z̮̞̠͙͔ͅḀ̗̞͈̻̗Ḷ͙͎̯̹̞͓G̻O̭̗̮,10.48,$98.65
631,Lexus,RX,2011,WBA5B1C55FG497024,PE,-1E02,5.42,$97.58
632,Mercedes-Benz,S-Class,2001,5UXZW0C52D0027296,GH,‪‪test‪,18.24,$142.61
633,Honda,Civic,1996,5N1AN0NU2AC840276,BR,₀₁₂,24.46,$42.68
634,BMW,3 Series,2004,KNAFX6A88F5691090,UG,❤️ 💔 💌 💕 💞 💓 💗 💖 💘 💝 💟 💜 💛 💚 💙,7.78,$82.73
635,Cadillac,Fleetwood,1995,WAUHFAFL3DA744066,PN,̦H̬̤̗̤͝e͜ ̜̥̝̻͍̟́w̕h̖̯͓o̝͙̖͎̱̮ ҉̺̙̞̟͈W̷̼̭a̺̪͍į͈͕̭͙̯̜t̶̼̮s̘͙͖̕ ̠̫̠B̻͍͙͉̳ͅe̵h̵̬͇̫͙i̹͓̳̳̮͎̫̕n͟d̴̪̜̖ ̰͉̩͇͙̲͞ͅT͖̼͓̪͢h͏͓̮̻e̬̝̟ͅ ̤̹̝W͙̞̝͔͇͝ͅa͏͓͔̹̼̣l̴͔̰̤̟͔ḽ̫.͕,23.39,$139.92
636,Infiniti,G,1999,5YMGZ0C59E0105467,ID,１２３,19.15,$199.63
637,Infiniti,Q,1996,5TDDK3DC7DS420004,FR,1;DROP TABLE users,12.02,$226.22
638,Suzuki,XL-7,2008,WAUGFAFC6DN707095,CN,👾 🙇 💁 🙅 🙆 🙋 🙎 🙍 ,20.6,$183.31
639,Chevrolet,Camaro,1977,3GYFK66N93G321376,CN,̦H̬̤̗̤͝e͜ ̜̥̝̻͍̟́w̕h̖̯͓o̝͙̖͎̱̮ ҉̺̙̞̟͈W̷̼̭a̺̪͍į͈͕̭͙̯̜t̶̼̮s̘͙͖̕ ̠̫̠B̻͍͙͉̳ͅe̵h̵̬͇̫͙i̹͓̳̳̮͎̫̕n͟d̴̪̜̖ ̰͉̩͇͙̲͞ͅT͖̼͓̪͢h͏͓̮̻e̬̝̟ͅ ̤̹̝W͙̞̝͔͇͝ͅa͏͓͔̹̼̣l̴͔̰̤̟͔ḽ̫.͕,0.75,$34.03
640,Ford,Freestyle,2005,WBAHN03586D074230,AR,<img src=x onerror=alert('hi') />,25.99,$203.16
641,Suzuki,Samurai,1992,WAUKFAFL0CA207272,MM,✋🏿 💪🏿 👐🏿 🙌🏿 👏🏿 🙏🏿,12.35,$104.60
642,Toyota,Camry,2003,WAUVVAFR9BA396846,SY,﻿,5.78,$25.72
643,Chevrolet,S10,1997,1N6AF0LX6FN142471,CN,"<>?:""{}|_+",14.44,$45.99
644,Hummer,H2,2009,3VWKP7AJ5DM142879,AF,1.00,9.4,$78.69
645,Volkswagen,Jetta,1998,1N6AA0CC4EN894230,ID,",。・:*:・゜’( ☻ ω ☻ )。・:*:・゜’",13.81,$35.70
646,Toyota,Tacoma,1996,KNDJT2A21D7667745,CN,👩🏽,2.43,$78.65
647,Mazda,Miata MX-5,2001,3N1BC1AP6AL600031,JP,"""""",25.8,$197.29
648,Mazda,Millenia,2002,1G6DL67A380745138,CN,⁰⁴⁵₀₁₂,20.28,$208.35
649,Suzuki,SX4,2007,WAUPEAFMXCA799250,BR,​,13.0,$157.26
650,Ford,Fusion,2006,WA1LFAFP5EA257074,UA,울란바토르,14.49,$237.03
651,Ford,Ranger,2010,1VWAH7A36DC592939,CO,"<>?:""{}|_+",15.79,$203.20
652,GMC,Savana 1500,2011,WAUDT48H94K389366,ID,1E2,4.15,$184.76
653,Volkswagen,Golf,1999,SAJWA4EC5FM764219,RU,̡͓̞ͅI̗̘̦͝n͇͇͙v̮̫ok̲̫̙͈i̖͙̭̹̠̞n̡̻̮̣̺g̲͈͙̭͙̬͎ ̰t͔̦h̞̲e̢̤ ͍̬̲͖f̴̘͕̣è͖ẹ̥̩l͖͔͚i͓͚̦͠n͖͍̗͓̳̮g͍ ̨o͚̪͡f̘̣̬ ̖̘͖̟͙̮c҉͔̫͖͓͇͖ͅh̵̤̣͚͔á̗̼͕ͅo̼̣̥s̱͈̺̖̦̻͢.̛̖̞̠̫̰,2.78,$45.76
654,Subaru,Tribeca,2006,WBA3A5G50FN502850,SE,👩🏽,6.1,$122.02
655,Chevrolet,Beretta,1994,3VWKP7AJ1EM771685,ID,00˙Ɩ$-,6.74,$137.95
656,Lexus,SC,2002,JM1DE1KY8E0136265,HR,<svg><script>0<1>alert('XSS')</script>,6.99,$83.31
657,Chevrolet,Camaro,1970,3VWKX7AJ3AM084752,EE,ﾟ･✿ヾ╲(｡◕‿◕｡)╱✿･ﾟ,22.51,$60.60
658,Audi,100,1990,4A31K2DF4BE245234,PH,"""''''""'""",11.15,$181.04
659,Cadillac,Fleetwood,1954,1G6DF8E57D0150845,IR,(╯°□°）╯︵ ┻━┻)  ,21.07,$131.56
660,Mazda,CX-9,2010,WAUDF98E05A352918,ID,⁰⁴⁵,3.13,$150.75
661,GMC,Savana 3500,2010,3G5DB03EX3S301611,CO,0/0,17.35,$93.07
662,Mitsubishi,Lancer Evolution,2003,YV4940BZ6D1274596,GR,⁦test⁧,5.73,$41.77
663,Pontiac,6000,1988,5NPEB4AC3DH644634,NO,",./;'[]\-=",5.78,$21.82
664,Kia,Spectra5,2006,1N6AD0CW7FN369763,ID,-1E2,4.42,$232.05
665,Chevrolet,Camaro,1978,1G4PR5SK1F4132102,CN,̡͓̞ͅI̗̘̦͝n͇͇͙v̮̫ok̲̫̙͈i̖͙̭̹̠̞n̡̻̮̣̺g̲͈͙̭͙̬͎ ̰t͔̦h̞̲e̢̤ ͍̬̲͖f̴̘͕̣è͖ẹ̥̩l͖͔͚i͓͚̦͠n͖͍̗͓̳̮g͍ ̨o͚̪͡f̘̣̬ ̖̘͖̟͙̮c҉͔̫͖͓͇͖ͅh̵̤̣͚͔á̗̼͕ͅo̼̣̥s̱͈̺̖̦̻͢.̛̖̞̠̫̰,17.65,$23.34
666,Mazda,MX-5,2010,1G4HR54K244655417,RS,(｡◕ ∀ ◕｡),1.69,$235.26
667,Mercury,Cougar,1999,TRUTX28NX21946503,JP,() { 0; }; touch /tmp/blns.shellshock1.fail;,2.69,$171.22
668,Lincoln,Aviator,2004,1G6AE5S38E0293523,AR,👾 🙇 💁 🙅 🙆 🙋 🙎 🙍 ,9.56,$198.79
669,GMC,Sierra 2500,2005,1G6KD57919U613560,YE,/dev/null; touch /tmp/blns.fail ; echo,13.61,$56.92
670,Cadillac,Escalade,2006,4A31K2DF6CE903895,GR,⁦test⁧,7.28,$164.11
671,GMC,Safari,2001,3GYFNAE33CS028421,NO,⁦test⁧,3.49,$227.58
672,Chevrolet,Silverado 2500,2012,2HKRM3H50DH157064,RU,åß∂ƒ©˙∆˚¬…æ,22.26,$86.56
673,BMW,1 Series,2010,19UUA8F24EA232576,PE,"""''''""'""",3.06,$121.14
674,Ford,E-Series,2011,SCFEBBBC8AG495531,PT,"""",18.73,$164.98
675,Mitsubishi,Outlander,2007,5FRYD3H22EB791251,BR,̦H̬̤̗̤͝e͜ ̜̥̝̻͍̟́w̕h̖̯͓o̝͙̖͎̱̮ ҉̺̙̞̟͈W̷̼̭a̺̪͍į͈͕̭͙̯̜t̶̼̮s̘͙͖̕ ̠̫̠B̻͍͙͉̳ͅe̵h̵̬͇̫͙i̹͓̳̳̮͎̫̕n͟d̴̪̜̖ ̰͉̩͇͙̲͞ͅT͖̼͓̪͢h͏͓̮̻e̬̝̟ͅ ̤̹̝W͙̞̝͔͇͝ͅa͏͓͔̹̼̣l̴͔̰̤̟͔ḽ̫.͕,0.97,$225.54
676,Plymouth,Grand Voyager,1996,SCBGR3ZA2DC391578,PL,-1,10.94,$101.40
677,Ford,Mustang,1971,JH4CL96844C980289,PL,$1.00,23.66,$198.07
678,Pontiac,G5,2009,JN1AV7ARXFM577988,ID,ﾟ･✿ヾ╲(｡◕‿◕｡)╱✿･ﾟ,13.77,$28.55
679,Hyundai,Tucson,2012,WAUWFAFH0CN718289,CN,'',17.62,$176.33
680,Pontiac,6000,1989,WUARL48H24K678844,MX,() { _; } >_[$($())] { touch /tmp/blns.shellshock2.fail; },4.1,$207.59
681,Hyundai,Elantra,2010,WAUVC58E94A725426,CN,999999999999999999999999999999999999999999999999999999999999999999999999999999999999999999999999,5.87,$246.77
682,BMW,M6,2006,WAUPL68E85A395052,PL,울란바토르,0.82,$230.49
683,Audi,RS6,2003,SCFHDDAJ9CA807669,ID,¡™£¢∞§¶•ªº–≠,25.2,$171.78
684,Acura,TL,2012,3C63D3KL0CG554799,CN,Ṱ̺̺̕o͞ ̷i̲̬͇̪͙n̝̗͕v̟̜̘̦͟o̶̙̰̠kè͚̮̺̪̹̱̤ ̖t̝͕̳̣̻̪͞h̼͓̲̦̳̘̲e͇̣̰̦̬͎ ̢̼̻̱̘h͚͎͙̜̣̲ͅi̦̲̣̰̤v̻͍e̺̭̳̪̰-m̢iͅn̖̺̞̲̯̰d̵̼̟͙̩̼̘̳ ̞̥̱̳̭r̛̗̘e͙p͠r̼̞̻̭̗e̺̠̣͟s̘͇̳͍̝͉e͉̥̯̞̲͚̬͜ǹ̬͎͎̟̖͇̤t͍̬̤͓̼̭͘ͅi̪̱n͠g̴͉ ͏͉ͅc̬̟h͡a̫̻̯͘o̫̟̖͍̙̝͉s̗̦̲.̨̹͈̣,18.42,$49.65
685,Nissan,Frontier,2006,2G61N5S34F9869356,ID,ÅÍÎÏ˝ÓÔÒÚÆ☃,11.62,$126.24
686,Chevrolet,Camaro,1967,WDDHF0EB2EB235111,RU,test⁠test‫,3.82,$243.55
687,Mitsubishi,Galant,2009,1G6DF5E52D0270969,CN,␢,18.5,$107.92
688,Subaru,Loyale,1990,4JGDA2EB4CA626102,PH,'',3.32,$121.49
689,Toyota,Avalon,1995,WAUDF78E48A616456,CO,̦H̬̤̗̤͝e͜ ̜̥̝̻͍̟́w̕h̖̯͓o̝͙̖͎̱̮ ҉̺̙̞̟͈W̷̼̭a̺̪͍į͈͕̭͙̯̜t̶̼̮s̘͙͖̕ ̠̫̠B̻͍͙͉̳ͅe̵h̵̬͇̫͙i̹͓̳̳̮͎̫̕n͟d̴̪̜̖ ̰͉̩͇͙̲͞ͅT͖̼͓̪͢h͏͓̮̻e̬̝̟ͅ ̤̹̝W͙̞̝͔͇͝ͅa͏͓͔̹̼̣l̴͔̰̤̟͔ḽ̫.͕,5.21,$77.23
690,Volkswagen,Passat,1988,TRUUT28N911451451,CN,1E02,15.29,$93.77
691,Ford,Aerostar,1997,1D4RE3GG8BC082190,CN,田中さんにあげて下さい,24.87,$214.62
692,Subaru,Brat,1985,SCFFDAAM0EG017127,ID,הָיְתָהtestالصفحات التّحول,3.83,$108.59
693,Volvo,S60,2006,TRUTC28N411020012,SE,"'""'",10.98,$84.06
694,Ford,F250,2009,1G6DK1E35D0223549,CN,<img src=x onerror=alert('hi') />,21.82,$225.55
695,Eagle,Talon,1994,YV4902BZ7D1299949,AX,-1/2,7.97,$26.84
696,Porsche,Boxster,2006,JTDKDTB3XD1695500,FR,'',2.87,$48.49
697,Volkswagen,GTI,2010,1FTMF1CW5AF813898,AE,../../../../../../../../../../../etc/hosts,8.6,$172.53
698,Lexus,RX,1999,1N6AA0CC4FN797062,ID,`⁄€‹›ﬁﬂ‡°·‚—±,24.99,$159.07
699,Rolls-Royce,Ghost,2010,2C3CCAEG5FH092196,JP,パーティーへ行かないか,12.24,$24.13
700,Pontiac,Trans Sport,1990,19UUA65614A367831,BR,　,17.97,$243.77
701,Subaru,Outback,2012,5N1CR2MM7EC254480,CR,(╯°□°）╯︵ ┻━┻)  ,11.21,$98.60
702,Chevrolet,APV,1992,1C6RD6FK8CS956284,MZ,1E02,4.87,$222.38
703,Infiniti,Q,2003,3N1AB6AP4CL315942,CN,🐵 🙈 🙉 🙊,2.14,$127.78
704,Pontiac,Bonneville,1986,WBAFU7C57DD417447,BR,"ثم نفس سقطت وبالتحديد،, جزيرتي باستخدام أن دنو. إذ هنا؟ الستار وتنصيب كان. أهّل ايطاليا، بريطانيا-فرنسا قد أخذ. سليمان، إتفاقية بين ما, يذكر الحدود أي بعد, معاملة بولندا، الإطلاق عل إيو.",7.03,$121.58
705,Aston Martin,Rapide,2010,WP1AE2A21BL167045,CN,1E2,13.68,$183.15
706,Mercedes-Benz,M-Class,2004,JN8AZ2KR1ET478844,EC,"בְּרֵאשִׁית, בָּרָא אֱלֹהִים, אֵת הַשָּׁמַיִם, וְאֵת הָאָרֶץ",22.63,$156.95
707,Chrysler,Town & Country,1998,JTJBARBZ9F2176416,ZA,-1.00,4.24,$111.86
708,Porsche,Cayenne,2006,1FT7W2A61EE623095,BR,`⁄€‹›ﬁﬂ‡°·‚—±,10.7,$80.69
709,Mercedes-Benz,CL-Class,1998,WAUJT68EX4A837317,ID,사회과학원 어학연구소,20.05,$199.14
710,Chevrolet,Suburban 1500,1995,JH4CU2F83EC454810,TH,nil,4.62,$244.33
711,Volkswagen,GTI,2001,WAUTFAFH3CN318813,SE,⁦test⁧,25.45,$74.37
712,Hyundai,Accent,2010,4T3BA3BB1CU498506,DO,𠜎𠜱𠝹𠱓𠱸𠲖𠳏,19.73,$59.26
713,Kia,Rio,2003,WA1CGAFE9BD318299,CA,-1,14.29,$20.08
714,Chevrolet,G-Series G30,1992,WAUEG94F36N642791,PH,"ثم نفس سقطت وبالتحديد،, جزيرتي باستخدام أن دنو. إذ هنا؟ الستار وتنصيب كان. أهّل ايطاليا، بريطانيا-فرنسا قد أخذ. سليمان، إتفاقية بين ما, يذكر الحدود أي بعد, معاملة بولندا، الإطلاق عل إيو.",16.99,$209.95
715,Audi,Allroad,2005,WA1WKBFP8CA957862,ZA,₀₁₂,17.78,$246.15
716,Dodge,Ram 3500,2005,WBA3C1C58DF775342,CA, test ,8.87,$119.07
717,Kia,Sportage,2008,3D7TT2CT4BG903939,CN,-1,13.14,$71.06
718,Ford,Mustang,1964,JTHBE5C27D5457271,CN,和製漢語,13.5,$130.76
719,Cadillac,DeVille,2003,2LMHJ5AR0BB693857,PH,̗̺͖̹̯͓Ṯ̤͍̥͇͈h̲́e͏͓̼̗̙̼̣͔ ͇̜̱̠͓͍ͅN͕͠e̗̱z̘̝̜̺͙p̤̺̹͍̯͚e̠̻̠͜r̨̤͍̺̖͔̖̖d̠̟̭̬̝͟i̦͖̩͓͔̤a̠̗̬͉̙n͚͜ ̻̞̰͚ͅh̵͉i̳̞v̢͇ḙ͎͟-҉̭̩̼͔m̤̭̫i͕͇̝̦n̗͙ḍ̟ ̯̲͕͞ǫ̟̯̰̲͙̻̝f ̪̰̰̗̖̭̘͘c̦͍̲̞͍̩̙ḥ͚a̮͎̟̙͜ơ̩̹͎s̤.̝̝ ҉Z̡̖̜͖̰̣͉̜a͖̰͙̬͡l̲̫̳͍̩g̡̟̼̱͚̞̬ͅo̗͜.̟,14.99,$238.55
720,Dodge,Dynasty,1993,SCFKDCEP9EG296950,SE,울란바토르,7.85,$131.69
721,Nissan,Frontier,2009,SCBDR3ZA0AC058357,CN,1,24.5,$235.36
722,Toyota,Avalon,2000,WAUFFAFL6DA311025,RU,1'; DROP TABLE users--,15.24,$105.46
723,Subaru,Legacy,2009,WDCYC3HF9CX322386,CN,˙ɐnbᴉlɐ ɐuƃɐɯ ǝɹolop ʇǝ ǝɹoqɐl ʇn ʇunpᴉpᴉɔuᴉ ɹodɯǝʇ poɯsnᴉǝ op pǝs 'ʇᴉlǝ ƃuᴉɔsᴉdᴉpɐ ɹnʇǝʇɔǝsuoɔ 'ʇǝɯɐ ʇᴉs ɹolop ɯnsdᴉ ɯǝɹo˥,1.49,$98.69
724,Mercedes-Benz,SL-Class,1994,YV4902BZ3D1891235,CN,✋🏿 💪🏿 👐🏿 🙌🏿 👏🏿 🙏🏿,23.19,$242.85
725,Infiniti,FX,2010,3VW1K7AJ2BM694699,SE,𠜎𠜱𠝹𠱓𠱸𠲖𠳏,7.2,$61.95
726,Chevrolet,Venture,2002,SCFEBBBK2DG502887,BG,᠎,24.1,$23.21
727,Plymouth,Laser,1990,WAUCFAFH2FN893358,ID,١٢٣,16.75,$41.43
728,Lexus,ES,1994,WAUVT64B94N562836,CN,・(￣∀￣)・:*:,17.58,$81.89
729,Isuzu,Rodeo,2001,1LNHL9EK1FG927268,EE,🐵 🙈 🙉 🙊,0.75,$115.00
730,Toyota,Venza,2013,5FRYD3H43GB999093,CN,🐵 🙈 🙉 🙊,15.92,$40.88
731,Hyundai,Elantra,2011,1G6DX67D970778822,SV,"""'""'""''''""",5.98,$106.25
732,Ford,Bronco,1986,WAUJC68E23A645064,RU,-1E02,11.49,$162.46
733,Mercury,Mystique,1995,WA1CFAFP1DA166110,CO,⁦test⁧,12.5,$212.55
734,Mercury,Cougar,1985,WAUJC58E62A636554,CO,Œ„´‰ˇÁ¨ˆØ∏”’,22.17,$161.19
735,Maybach,62,2006,WBAAN37441N620920,PL,⁰⁴⁵,22.65,$208.71
736,Lincoln,LS,2006,WUARL48H04K836663,PL,1E2,17.63,$86.52
737,Chrysler,Crossfire,2005,1FMJK1H52DE308597,PH,␣,20.17,$205.63
738,Chevrolet,Express 3500,2010,WA1CGBFE1ED143606,BG,田中さんにあげて下さい,20.84,$234.91
739,Honda,Pilot,2009,1G4CW54K914043763,LV,✋🏿 💪🏿 👐🏿 🙌🏿 👏🏿 🙏🏿,5.4,$82.39
740,Saturn,Relay,2006,1G6DP577X60079668,UA,0️⃣ 1️⃣ 2️⃣ 3️⃣ 4️⃣ 5️⃣ 6️⃣ 7️⃣ 8️⃣ 9️⃣ 🔟,19.96,$130.92
741,Volkswagen,CC,2009,WUADUAFG2CN180768,CN,̦H̬̤̗̤͝e͜ ̜̥̝̻͍̟́w̕h̖̯͓o̝͙̖͎̱̮ ҉̺̙̞̟͈W̷̼̭a̺̪͍į͈͕̭͙̯̜t̶̼̮s̘͙͖̕ ̠̫̠B̻͍͙͉̳ͅe̵h̵̬͇̫͙i̹͓̳̳̮͎̫̕n͟d̴̪̜̖ ̰͉̩͇͙̲͞ͅT͖̼͓̪͢h͏͓̮̻e̬̝̟ͅ ̤̹̝W͙̞̝͔͇͝ͅa͏͓͔̹̼̣l̴͔̰̤̟͔ḽ̫.͕,2.91,$235.82
742,Saab,9-3,2012,WBAVB73547P313440,BR,Ṱ̺̺̕o͞ ̷i̲̬͇̪͙n̝̗͕v̟̜̘̦͟o̶̙̰̠kè͚̮̺̪̹̱̤ ̖t̝͕̳̣̻̪͞h̼͓̲̦̳̘̲e͇̣̰̦̬͎ ̢̼̻̱̘h͚͎͙̜̣̲ͅi̦̲̣̰̤v̻͍e̺̭̳̪̰-m̢iͅn̖̺̞̲̯̰d̵̼̟͙̩̼̘̳ ̞̥̱̳̭r̛̗̘e͙p͠r̼̞̻̭̗e̺̠̣͟s̘͇̳͍̝͉e͉̥̯̞̲͚̬͜ǹ̬͎͎̟̖͇̤t͍̬̤͓̼̭͘ͅi̪̱n͠g̴͉ ͏͉ͅc̬̟h͡a̫̻̯͘o̫̟̖͍̙̝͉s̗̦̲.̨̹͈̣,13.98,$50.20
743,Mazda,626,1995,WAUDFBFC5CN837277,FI,"""""",15.54,$229.75
744,Mercedes-Benz,E-Class,1999,TRUVD38J691483807,CA,0/0,14.56,$214.93
745,Lincoln,Continental,1997,1GYUCAEF1AR672314,AF,Ω≈ç√∫˜µ≤≥÷,0.32,$165.54
746,Dodge,Charger,2010,JH4DC43611S755372,BR,1,15.48,$25.71
747,Nissan,240SX,1994,1G4GF5E32CF397804,ID,nil,12.49,$200.70
748,Ford,F-Series,2001,1G6DH5E51C0138911,UG,"""'""'""''''""",24.98,$150.25
749,Subaru,B9 Tribeca,2007,1B3CB2HA0AD191673,PH,ヽ༼ຈل͜ຈ༽ﾉ ヽ༼ຈل͜ຈ༽ﾉ ,16.93,$135.78
750,Mitsubishi,GTO,1992,2FMGK5CC5AB418820,CN,åß∂ƒ©˙∆˚¬…æ,8.38,$39.64
751,Mercury,Cougar,1991,3D4PH5FV5AT636153,FR,0/0,9.47,$176.22
752,Jeep,Grand Cherokee,2004,1GT022CG9EF718603,AR,../../../../../../../../../../../etc/hosts,22.13,$32.23
753,Acura,TL,2010,WAURV78T18A321077,CN,Ṱ̺̺̕o͞ ̷i̲̬͇̪͙n̝̗͕v̟̜̘̦͟o̶̙̰̠kè͚̮̺̪̹̱̤ ̖t̝͕̳̣̻̪͞h̼͓̲̦̳̘̲e͇̣̰̦̬͎ ̢̼̻̱̘h͚͎͙̜̣̲ͅi̦̲̣̰̤v̻͍e̺̭̳̪̰-m̢iͅn̖̺̞̲̯̰d̵̼̟͙̩̼̘̳ ̞̥̱̳̭r̛̗̘e͙p͠r̼̞̻̭̗e̺̠̣͟s̘͇̳͍̝͉e͉̥̯̞̲͚̬͜ǹ̬͎͎̟̖͇̤t͍̬̤͓̼̭͘ͅi̪̱n͠g̴͉ ͏͉ͅc̬̟h͡a̫̻̯͘o̫̟̖͍̙̝͉s̗̦̲.̨̹͈̣,11.23,$33.31
754,Mercedes-Benz,SLK-Class,2003,WAU2GAFC6EN759237,CZ,ﾟ･✿ヾ╲(｡◕‿◕｡)╱✿･ﾟ,0.54,$98.36
755,GMC,Savana 3500,2001,JH4DC53803C732590,RU,Œ„´‰ˇÁ¨ˆØ∏”’,25.33,$240.38
756,Chevrolet,Colorado,2011,5NPDH4AE8DH479594,VN,和製漢語,6.27,$218.08
757,Ford,LTD Crown Victoria,1993,WAUEFAFL9CA180778,GB,"__ﾛ(,_,*)",11.99,$23.35
758,Hyundai,Tiburon,2008,WBY2Z2C52FV384309,PL,👾 🙇 💁 🙅 🙆 🙋 🙎 🙍 ,11.12,$62.71
759,Buick,Skylark,1991,WDDEJ7KB3BA178790,VN,١٢٣,19.18,$194.95
760,Chevrolet,Tahoe,2012,WAUDH94F27N683522,CZ,<svg><script>0<1>alert('XSS')</script>,17.57,$207.97
761,Dodge,Viper RT/10,1994,WBAYA8C54DD362690,BR,",。・:*:・゜’( ☻ ω ☻ )。・:*:・゜’",8.77,$213.97
762,Mitsubishi,Mighty Max,1993,WBASN0C54DD288988,JP,'',25.69,$127.52
763,Scion,FR-S,2013,WVGAV7AX2AW336804,EC,"__ﾛ(,_,*)",21.86,$58.86
764,Dodge,Dakota,2011,WAUCFAFH1DN322652,ID,Z̮̞̠͙͔ͅḀ̗̞͈̻̗Ḷ͙͎̯̹̞͓G̻O̭̗̮,0.59,$212.07
765,Audi,A6,2004,WAUDN94F38N276478,TD,Ω≈ç√∫˜µ≤≥÷,18.05,$132.37
766,Buick,Electra,1985,JTHHP5BC3F5558874,CN,1,18.6,$180.18
767,Lincoln,Town Car,1991,WAULC58E25A362766,YE,울란바토르,16.77,$188.83
768,Buick,Enclave,2009,19XFB4F29DE337445,CN,⁰⁴⁵,17.26,$229.41
769,Chevrolet,Cavalier,1992,1GYS3KEF4CR799445,RU,1/0,24.25,$37.95
770,Nissan,300ZX,1992,3D73Y4EL3BG979811,CZ,"'""'",24.04,$119.56
771,Isuzu,Rodeo,2001,2T1BURHE0EC971546,MM,1;DROP TABLE users,23.52,$179.53
772,Oldsmobile,Ciera,1996,1LNHL9DK4DG483897,CM,ﾟ･✿ヾ╲(｡◕‿◕｡)╱✿･ﾟ,23.27,$24.94
773,Toyota,Land Cruiser,2003,JTMHY7AJ7B4338647,LR,1.00,16.65,$111.13
774,Toyota,Previa,1994,WAUJC68E45A186803,ID,-1E2,8.28,$157.36
775,Ford,Econoline E150,1993,5N1AA0NC2BN374597,UA,œ∑´®†¥¨ˆøπ“‘,0.31,$138.78
776,GMC,Savana 2500,1996,WBAEK13567C273849,FR,"""",10.81,$210.05
777,GMC,Safari,2000,1FTEW1CM6DK241870,UA,<img src=x onerror=alert('hi') />,22.99,$43.26
778,Chevrolet,Bel Air,1967,5NPET4ACXAH486009,RU,1,4.35,$69.51
779,Honda,Civic,1997,1GYS3SKJ8FR581828,ID,"בְּרֵאשִׁית, בָּרָא אֱלֹהִים, אֵת הַשָּׁמַיִם, וְאֵת הָאָרֶץ",6.48,$204.58
780,Chrysler,LeBaron,1994,WAUCFAFR2EA256212,SE,0️⃣ 1️⃣ 2️⃣ 3️⃣ 4️⃣ 5️⃣ 6️⃣ 7️⃣ 8️⃣ 9️⃣ 🔟,19.11,$216.69
781,Chevrolet,Silverado 1500,2008,JN8AE2KP9C9379791,FR,Z̮̞̠͙͔ͅḀ̗̞͈̻̗Ḷ͙͎̯̹̞͓G̻O̭̗̮,2.48,$48.96
782,Toyota,Celica,1976,JN8AE2KP8D9726559,ID,社會科學院語學研究所,18.4,$64.55
783,Jeep,Liberty,2007,JTDKDTB34D1878780,UY,✋🏿 💪🏿 👐🏿 🙌🏿 👏🏿 🙏🏿,25.13,$209.18
784,Nissan,Sentra,2010,1D4PT4GK3AW247650,PK,!@#$%^&*(),9.34,$126.29
785,Saab,900,1992,WAUNG74F89N802804,CN,Œ„´‰ˇÁ¨ˆØ∏”’,13.8,$79.31
786,Aston Martin,V8 Vantage,2008,WDDHF0EB6EA628244,CA,`⁄€‹›ﬁﬂ‡°·‚—±,0.79,$26.73
787,Mitsubishi,L300,1990,WAUKF78E88A425193,ID,🚾 🆒 🆓 🆕 🆖 🆗 🆙 🏧,8.26,$138.66
788,Chevrolet,G-Series 2500,1998,1FTEX1C88AK646222,CN,1'; DROP TABLE users--,25.15,$141.33
789,Porsche,968,1993,5BZBF0AA0EN034500,BI,Ω≈ç√∫˜µ≤≥÷,5.69,$24.70
790,Chrysler,300,2009,WAUFFAFL9EN893003,TT,0.00,18.49,$75.08
791,Chevrolet,Silverado 2500,2010,W04GS5ECXB1914286,US,部落格,20.58,$233.09
792,GMC,Savana 2500,2005,JHMGE8G36CS946528,PH, ,20.94,$57.40
793,Isuzu,Trooper,1996,JN8AE2KPXD9710783,CN,᠎,6.19,$177.73
794,Toyota,Highlander,2010,5N1AA0NCXBN514251,BR,-$1.00,12.44,$239.13
795,Audi,TT,2003,SCFLDCFP4EG265740,RU,-1,0.13,$127.67
796,Mitsubishi,Expo,1992,WBAVM1C55EV803367,ID,田中さんにあげて下さい,21.35,$149.75
797,Toyota,Echo,2002,1D7RV1CP2AS433418,CN,-1E2,22.54,$90.89
798,Morgan,Aero 8,2007,JN1CV6EKXCM853274,PH,`⁄€‹›ﬁﬂ‡°·‚—±,9.85,$104.48
799,Ford,E350,2009,JH4NA21672T414992,KZ,¸˛Ç◊ı˜Â¯˘¿,12.72,$98.33
800,Mazda,B-Series Plus,1998,3VWF17AT9FM707996,AF,パーティーへ行かないか,17.33,$41.49
801,Ford,Ranger,2005,WBAUN9C52AV844637,PH,0️⃣ 1️⃣ 2️⃣ 3️⃣ 4️⃣ 5️⃣ 6️⃣ 7️⃣ 8️⃣ 9️⃣ 🔟,15.38,$65.28
802,Mercedes-Benz,E-Class,1991,WBXPA93474W113772,CN,1;DROP TABLE users,8.06,$78.43
803,Nissan,Armada,2006,WBSBR93472P666258,PH,../../../../../../../../../../../etc/hosts,18.16,$25.86
804,Chevrolet,Avalanche,2006,KNADH5A38A6879940,ID,הָיְתָהtestالصفحات التّحول,20.23,$207.40
805,Toyota,4Runner,1997,WAUKF78EX5A984286,BO,﻿,17.92,$88.93
806,Volkswagen,Type 2,1985,3D7TT2CT8AG373845,CN,　,10.79,$37.08
807,Dodge,Neon,1996,WBA5A5C59ED121307,MY,Ω≈ç√∫˜µ≤≥÷,3.82,$179.60
808,Dodge,Monaco,1992,1G6DM5E3XD0697949,SE,Ω≈ç√∫˜µ≤≥÷,23.43,$27.73
809,Subaru,Legacy,2004,1G4HP54K12U707705,HR,1/0,16.94,$127.88
810,Oldsmobile,Cutlass Supreme,1995,5TDBK3EH5AS672816,PT,Œ„´‰ˇÁ¨ˆØ∏”’,17.46,$39.90
811,Isuzu,VehiCROSS,2000,WBA5A5C51ED691950,FI,"__ﾛ(,_,*)",4.53,$190.03
812,Mitsubishi,Lancer Evolution,2002,5GAER23708J959518,CU,｀ｨ(´∀｀∩,4.25,$170.46
813,Mercury,Sable,1996,2C3CCABG0FH459512,AM,"__ﾛ(,_,*)",25.92,$165.82
814,Volkswagen,Phaeton,2006,SCBBR93W38C520242,MN,-1E+02,3.15,$113.50
815,Ford,Aerostar,1994,JA32X8HW6CU453157,ID,｀ｨ(´∀｀∩,3.11,$97.19
816,GMC,3500,1992,1C3BC4EB0AN468966,US,<script>alert('hi')</script>,19.08,$190.15
817,Hyundai,Tucson,2006,1D7RV1GP7BS051557,PH,パーティーへ行かないか,13.93,$21.54
818,Hyundai,Santa Fe,2004,19UUA9F5XEA399038,CN,울란바토르,4.28,$247.32
819,Volkswagen,Touareg,2003,1GTN1TEH7EZ128287,ID,⁦test⁧,12.42,$227.91
820,GMC,Savana 2500,2011,3VWML7AJ9BM249564,ID,",./;'[]\-=",11.63,$143.89
821,Dodge,Colt,1992,1FTSX2A5XAE920813,CN,",。・:*:・゜’( ☻ ω ☻ )。・:*:・゜’",23.25,$93.08
822,Suzuki,Equator,2012,JHMZF1C49CS942906,CN,␣,21.16,$154.40
823,GMC,Savana 2500,1997,3D73Y3CL5AG785289,BR,1/2,20.54,$202.49
824,Pontiac,Bonneville,1985,WAUKG58E15A613776,CN,",./;'[]\-=",17.56,$218.53
825,Jaguar,XJ Series,2002,1FTMF1E85AF601971,CN,$1.00,22.36,$37.52
826,Porsche,944,1984,1FTWX3A53AE030936,GT,$1.00,10.76,$33.05
827,Chevrolet,Camaro,1993,1G6DJ5EG1A0573799,JP,/dev/null; touch /tmp/blns.fail ; echo,18.36,$248.06
828,Mercedes-Benz,SL-Class,2011,5NPDH4AE2DH550935,LT,999999999999999999999999999999999999999999999999999999999999999999999999999999999999999999999999,18.77,$236.77
829,Chevrolet,Corvette,1963,1FTEW1E86AF486544,NA,',5.35,$80.81
830,Isuzu,Ascender,2008,2G61S5S39F9949373,PT,",。・:*:・゜’( ☻ ω ☻ )。・:*:・゜’",16.7,$56.23
831,Chevrolet,Caprice,1996,WBAFU9C5XDD319928,JP,🚾 🆒 🆓 🆕 🆖 🆗 🆙 🏧,18.97,$238.51
832,Kia,Spectra,2003,3GYT4LEF4CG591105,CN,() { _; } >_[$($())] { touch /tmp/blns.shellshock2.fail; },21.4,$61.35
833,Maybach,57,2006,YV1672MK7A2325516,CZ,../../../../../../../../../../../etc/hosts,6.0,$223.86
834,Ford,Explorer Sport Trac,2010,1ZVBP8AN8A5160366,HR,",./;'[]\-=",2.95,$25.79
835,Honda,Passport,2000,KNDJN2A22F7603744,CN,0️⃣ 1️⃣ 2️⃣ 3️⃣ 4️⃣ 5️⃣ 6️⃣ 7️⃣ 8️⃣ 9️⃣ 🔟,24.09,$82.61
836,Chevrolet,Express 2500,2004,WA1EY74L78D471623,BG,null,20.11,$143.80
837,Infiniti,G37,2012,2C3CDZAT1FH384202,PH,"""""",14.55,$206.55
838,Chevrolet,Cobalt,2009,WBAAV33481E663890,MX,1.00,4.75,$104.57
839,Subaru,Loyale,1994,WBA3N3C54FK006840,ID,-1E2,5.67,$23.11
840,Mazda,Navajo,1992,WAUGN74F17N424532,HR,-$1.00,11.76,$68.88
841,Chevrolet,SSR,2006,2HNYD18984H398635,CN,❤️ 💔 💌 💕 💞 💓 💗 💖 💘 💝 💟 💜 💛 💚 💙,6.42,$147.97
842,Chevrolet,Monza,1975,WBADR63412G211076,ZA,1E02,5.31,$37.07
843,Bentley,Brooklands,2010,1FTEX1CW8AK683074,ID,Ṱ̺̺̕o͞ ̷i̲̬͇̪͙n̝̗͕v̟̜̘̦͟o̶̙̰̠kè͚̮̺̪̹̱̤ ̖t̝͕̳̣̻̪͞h̼͓̲̦̳̘̲e͇̣̰̦̬͎ ̢̼̻̱̘h͚͎͙̜̣̲ͅi̦̲̣̰̤v̻͍e̺̭̳̪̰-m̢iͅn̖̺̞̲̯̰d̵̼̟͙̩̼̘̳ ̞̥̱̳̭r̛̗̘e͙p͠r̼̞̻̭̗e̺̠̣͟s̘͇̳͍̝͉e͉̥̯̞̲͚̬͜ǹ̬͎͎̟̖͇̤t͍̬̤͓̼̭͘ͅi̪̱n͠g̴͉ ͏͉ͅc̬̟h͡a̫̻̯͘o̫̟̖͍̙̝͉s̗̦̲.̨̹͈̣,8.78,$112.03
844,Chevrolet,SSR,2006,19UUA9F28CA719881,GR,Ṱ̺̺̕o͞ ̷i̲̬͇̪͙n̝̗͕v̟̜̘̦͟o̶̙̰̠kè͚̮̺̪̹̱̤ ̖t̝͕̳̣̻̪͞h̼͓̲̦̳̘̲e͇̣̰̦̬͎ ̢̼̻̱̘h͚͎͙̜̣̲ͅi̦̲̣̰̤v̻͍e̺̭̳̪̰-m̢iͅn̖̺̞̲̯̰d̵̼̟͙̩̼̘̳ ̞̥̱̳̭r̛̗̘e͙p͠r̼̞̻̭̗e̺̠̣͟s̘͇̳͍̝͉e͉̥̯̞̲͚̬͜ǹ̬͎͎̟̖͇̤t͍̬̤͓̼̭͘ͅi̪̱n͠g̴͉ ͏͉ͅc̬̟h͡a̫̻̯͘o̫̟̖͍̙̝͉s̗̦̲.̨̹͈̣,13.05,$100.85
845,Land Rover,Range Rover,1989,WA1C8AFP2EA636012,BR,🚾 🆒 🆓 🆕 🆖 🆗 🆙 🏧,19.11,$193.91
846,Infiniti,G,2008,4USBU33577L875925,CN,˙ɐnbᴉlɐ ɐuƃɐɯ ǝɹolop ʇǝ ǝɹoqɐl ʇn ʇunpᴉpᴉɔuᴉ ɹodɯǝʇ poɯsnᴉǝ op pǝs 'ʇᴉlǝ ƃuᴉɔsᴉdᴉpɐ ɹnʇǝʇɔǝsuoɔ 'ʇǝɯɐ ʇᴉs ɹolop ɯnsdᴉ ɯǝɹo˥,5.54,$103.69
847,Buick,LaCrosse,2010,1GYUCBEF9AR175257,UA,𠜎𠜱𠝹𠱓𠱸𠲖𠳏,6.87,$145.83
848,Ford,F250,2012,2T1BURHE3FC122593,CN,␣,14.28,$143.89
849,Isuzu,Trooper,2002,KNAFU6A22B5861765,NL,"__ﾛ(,_,*)",11.58,$103.80
850,Porsche,Cayenne,2005,1G4GC5GG2AF402702,ET,Ṱ̺̺̕o͞ ̷i̲̬͇̪͙n̝̗͕v̟̜̘̦͟o̶̙̰̠kè͚̮̺̪̹̱̤ ̖t̝͕̳̣̻̪͞h̼͓̲̦̳̘̲e͇̣̰̦̬͎ ̢̼̻̱̘h͚͎͙̜̣̲ͅi̦̲̣̰̤v̻͍e̺̭̳̪̰-m̢iͅn̖̺̞̲̯̰d̵̼̟͙̩̼̘̳ ̞̥̱̳̭r̛̗̘e͙p͠r̼̞̻̭̗e̺̠̣͟s̘͇̳͍̝͉e͉̥̯̞̲͚̬͜ǹ̬͎͎̟̖͇̤t͍̬̤͓̼̭͘ͅi̪̱n͠g̴͉ ͏͉ͅc̬̟h͡a̫̻̯͘o̫̟̖͍̙̝͉s̗̦̲.̨̹͈̣,15.8,$147.49
851,Mazda,Tribute,2010,1G6AE1RXXF0715973,FR,👾 🙇 💁 🙅 🙆 🙋 🙎 🙍 ,15.84,$166.13
852,Acura,TL,2001,WUADU98E58N637400,ID,œ∑´®†¥¨ˆøπ“‘,21.94,$84.54
853,Suzuki,Esteem,1999,2HNYD2H28DH884175,CN,-$1.00,24.96,$52.52
854,GMC,Yukon,1993,JTDKN3DU4A0264428,BR,1E02,13.76,$208.24
855,Chevrolet,Aveo,2004,WDDGF4HB1DF419266,KH,'',1.41,$82.83
856,Buick,Electra,1988,JN1BY1PR5FM051431,CN,!@#$%^&*(),6.16,$224.55
857,Mazda,MPV,2006,WAUUL98E86A461816,HT,1/2,4.73,$188.36
858,Ford,F150,1999,KNAFK4A68E5452137,UA,../../../../../../../../../../../etc/passwd%00,21.0,$122.27
859,Honda,Element,2007,2HNYD18815H928601,PH,",。・:*:・゜’( ☻ ω ☻ )。・:*:・゜’",17.03,$239.41
860,GMC,Vandura G3500,1996,WBANU5C53AC397568,BR,$1.00,2.52,$80.16
861,Mercury,Monterey,2004,WP1AA2AP5AL463868,PL,null,17.15,$90.80
862,Mazda,B-Series Plus,2003,WBSKG9C56DJ555110,BR,1'; DROP TABLE users--,9.23,$218.10
863,Volkswagen,Touareg,2011,2T1BURHEXFC133557,SE,​,2.76,$40.06
864,Maserati,Spyder,2003,KNADH5A34A6281215,PE,‪‪test‪,13.3,$165.92
865,Cadillac,DeVille,1994,WBAVA33558K564106,CN,1.00,13.95,$58.85
866,Chevrolet,Corvette,2005,2C3CA6CT1AH837330,UG,１２３,0.19,$112.73
867,Hyundai,Tucson,2011,JM1CW2BL3E0866524,MK,𠜎𠜱𠝹𠱓𠱸𠲖𠳏,1.75,$64.91
868,Mazda,MPV,2005,4T1BK1EBXEU073679,SE,1E+02,2.23,$49.84
869,Toyota,Prius c,2012,2C3CCAAG2DH929408,PL,-1E2,23.88,$45.43
870,GMC,Safari,2001,JM1NC2PF3F0482362,EG,⁦test⁧,1.24,$228.73
871,Ford,Taurus X,2009,1G6DH8E33E0040255,RU,Ω≈ç√∫˜µ≤≥÷,23.43,$102.83
872,Toyota,RAV4,2009,1D4PT5GK7BW852634,PL,1E02,12.53,$87.00
873,MINI,Cooper,2003,1YVHZ8BHXC5159779,CN,‫test‫,4.6,$238.23
874,Toyota,Camry,2011,SCFAB22322K442496,ID, test ,9.18,$187.22
875,Mercedes-Benz,E-Class,1989,WAULT68E85A090620,ID,"""'""'""''''""",20.98,$98.30
876,Lexus,IS,2007,2T2BK1BA8DC904457,CN,｀ｨ(´∀｀∩,6.83,$82.40
877,Volkswagen,GTI,2011,WDCGG5GB2BF855582,ME,᠎,17.19,$196.39
878,Toyota,RAV4,2006,WAU32AFD8FN747104,CN,1E2,17.63,$186.51
879,Volkswagen,Jetta,2010,1GYEC63N56R386114,US,田中さんにあげて下さい,14.09,$244.33
880,Ford,Contour,2000,WBADW3C57DE719597,CN,"<>?:""{}|_+",16.43,$131.66
881,Mercedes-Benz,CL-Class,2010,WAUGL78E28A497330,GR,999999999999999999999999999999999999999999999999999999999999999999999999999999999999999999999999,17.74,$91.14
882,Kia,Sedona,2008,WVGAK7A98AD662998,SE,",。・:*:・゜’( ☻ ω ☻ )。・:*:・゜’",7.46,$42.76
883,BMW,3 Series,1996,SALVP1BG9EH291102,GT,１２３,9.35,$240.21
884,Ford,Fairlane,1966,1G4CW54K644002348,VN,1E+02,4.39,$231.62
885,Oldsmobile,88,1998,19UUA9F77CA592620,GR,הָיְתָהtestالصفحات التّحول,8.59,$77.44
886,Lincoln,MKS,2009,5N1AR2MM1EC179847,PH,̗̺͖̹̯͓Ṯ̤͍̥͇͈h̲́e͏͓̼̗̙̼̣͔ ͇̜̱̠͓͍ͅN͕͠e̗̱z̘̝̜̺͙p̤̺̹͍̯͚e̠̻̠͜r̨̤͍̺̖͔̖̖d̠̟̭̬̝͟i̦͖̩͓͔̤a̠̗̬͉̙n͚͜ ̻̞̰͚ͅh̵͉i̳̞v̢͇ḙ͎͟-҉̭̩̼͔m̤̭̫i͕͇̝̦n̗͙ḍ̟ ̯̲͕͞ǫ̟̯̰̲͙̻̝f ̪̰̰̗̖̭̘͘c̦͍̲̞͍̩̙ḥ͚a̮͎̟̙͜ơ̩̹͎s̤.̝̝ ҉Z̡̖̜͖̰̣͉̜a͖̰͙̬͡l̲̫̳͍̩g̡̟̼̱͚̞̬ͅo̗͜.̟,3.02,$85.44
887,Oldsmobile,Silhouette,2003,5N1AR1NB8AC447102,IL,"""'""'""''''""",25.24,$95.35
888,Mitsubishi,Truck,1985,JN1AZ4EH1AM799803,OM,"""""",21.42,$110.37
889,Mitsubishi,Diamante,2005,SALSF2D45BA396027,CO,・(￣∀￣)・:*:,2.35,$48.30
890,Buick,Century,1993,1ZVBP8JS0C5104494,BJ,åß∂ƒ©˙∆˚¬…æ,3.36,$35.12
891,Mazda,CX-5,2013,1G6DA67V890448635,CN,1'; DROP TABLE users--,25.77,$121.59
892,BMW,Z4,2011,WAULFAFR7BA544402,RU,⁰⁴⁵,18.57,$142.91
893,Ford,F-Series,1992,WBA5A7C57FD163018,PH,̡͓̞ͅI̗̘̦͝n͇͇͙v̮̫ok̲̫̙͈i̖͙̭̹̠̞n̡̻̮̣̺g̲͈͙̭͙̬͎ ̰t͔̦h̞̲e̢̤ ͍̬̲͖f̴̘͕̣è͖ẹ̥̩l͖͔͚i͓͚̦͠n͖͍̗͓̳̮g͍ ̨o͚̪͡f̘̣̬ ̖̘͖̟͙̮c҉͔̫͖͓͇͖ͅh̵̤̣͚͔á̗̼͕ͅo̼̣̥s̱͈̺̖̦̻͢.̛̖̞̠̫̰,3.39,$70.90
894,Lexus,ES,1992,1C4SDJCT4DC998571,MA,1.00,8.6,$62.20
895,Oldsmobile,Bravada,1998,5J8TB3H59GL449731,US,../../../../../../../../../../../etc/passwd%00,9.01,$57.23
896,Mitsubishi,Montero,2005,3VW507AT7FM209746,UA,999999999999999999999999999999999999999999999999999999999999999999999999999999999999999999999999,8.12,$160.52
897,Ford,Mustang,1985,WBXPC93449W068467,CZ,😍,3.46,$57.34
898,Isuzu,Rodeo,1999,2T1KE4EE8AC182933,CN,😍,7.28,$52.17
899,Audi,S6,1995,3D73M3CL7AG173977,CN,🐵 🙈 🙉 🙊,2.37,$63.15
900,Dodge,Ram 1500,2004,1VWAH7A30CC148891,SD,1,10.46,$152.49
901,Hyundai,Sonata,2013,KNADH4A35A6262652,BR,הָיְתָהtestالصفحات التّحول,17.98,$57.59
902,Chevrolet,Lumina,1994,JH4DC43501S009888,CN,和製漢語,2.69,$194.86
903,Lincoln,Town Car,1987,19XFA1E37BE277917,CN,NIL,4.69,$84.57
904,Aston Martin,DB9 Volante,2006,1N6AD0CU0BC719027,CN,0️⃣ 1️⃣ 2️⃣ 3️⃣ 4️⃣ 5️⃣ 6️⃣ 7️⃣ 8️⃣ 9️⃣ 🔟,3.55,$41.33
905,Ford,Galaxie,1964,5LMCJ1A98FU999829,CZ,１２３,8.08,$126.61
906,Ford,F250,2004,3GYFK12299G047958,GR,",。・:*:・゜’( ☻ ω ☻ )。・:*:・゜’",16.19,$180.04
907,Mercury,Tracer,1999,WAUBH54BX1N590011,GR,"""""",15.57,$109.85
908,Dodge,Ram Wagon B150,1992,3N1CN7AP4DL506784,AM,../../../../../../../../../../../etc/passwd%00,8.8,$239.49
909,Jeep,Grand Cherokee,2007,1FMJK1JT8FE923215,PL,"""""",19.93,$86.84
910,Chevrolet,S10,1997,WVWGU7AN6CE210518,KG,₀₁₂,4.13,$67.25
911,Chevrolet,Suburban 1500,2003,WAUAF78E07A423416,CA,-1E+02,9.34,$30.87
912,Dodge,Viper,2000,5GADV231X7D411865,CN,¡™£¢∞§¶•ªº–≠,5.23,$22.40
913,Mitsubishi,Montero,2006,WA1C8AFPXEA580949,BR,˙ɐnbᴉlɐ ɐuƃɐɯ ǝɹolop ʇǝ ǝɹoqɐl ʇn ʇunpᴉpᴉɔuᴉ ɹodɯǝʇ poɯsnᴉǝ op pǝs 'ʇᴉlǝ ƃuᴉɔsᴉdᴉpɐ ɹnʇǝʇɔǝsuoɔ 'ʇǝɯɐ ʇᴉs ɹolop ɯnsdᴉ ɯǝɹo˥,13.71,$110.08
914,Suzuki,XL7,2008,JM1GJ1T65F1533109,CN,社會科學院語學研究所,17.98,$30.23
915,Lincoln,Mark VIII,1998,WAUDFAFL6CN831434,ID,',10.94,$106.07
916,GMC,Envoy,2009,TRUXD38J791001967,MV,-1,23.24,$181.45
917,Mazda,626,1983,WAUGL98E07A332029,JP,​,13.61,$51.68
918,BMW,M6,2007,1GYEE437890716627,CN,ﾟ･✿ヾ╲(｡◕‿◕｡)╱✿･ﾟ,23.55,$209.85
919,Mitsubishi,Truck,1991,KNAFZ6A39F5357004,RU,-1E+02,18.31,$122.26
920,Hyundai,Veloster,2012,KMHDB8AE8AU875661,RU,,21.54,$175.60
921,Kia,Rondo,2010,WBAXG5C5XCD197011,CN,❤️ 💔 💌 💕 💞 💓 💗 💖 💘 💝 💟 💜 💛 💚 💙,1.26,$152.08
922,Mercedes-Benz,R-Class,2009,1G6AH5RX1F0021834,PL,"""""",9.33,$97.96
923,Honda,Prelude,1995,1ZVBP8AM7D5323097,JP,Z̮̞̠͙͔ͅḀ̗̞͈̻̗Ḷ͙͎̯̹̞͓G̻O̭̗̮,24.28,$90.33
924,Isuzu,Hombre Space,1999,WBAGL63585D865604,IR,𠜎𠜱𠝹𠱓𠱸𠲖𠳏,2.0,$163.72
925,Chevrolet,2500,1995,4T1BF3EK4AU475885,PE,​,9.12,$78.19
926,Toyota,Camry,2001,5J6TF1H39CL386012,PL,!@#$%^&*(),11.7,$23.03
927,Geo,Storm,1993,5N1AN0NW6DN532828,CN,"ثم نفس سقطت وبالتحديد،, جزيرتي باستخدام أن دنو. إذ هنا؟ الستار وتنصيب كان. أهّل ايطاليا، بريطانيا-فرنسا قد أخذ. سليمان، إتفاقية بين ما, يذكر الحدود أي بعد, معاملة بولندا، الإطلاق عل إيو.",3.79,$58.98
928,Land Rover,Range Rover,1993,WBAEV53424K041143,BO,‪‪test‪,1.07,$158.65
929,Dodge,Ram 3500,2008,2C3CDYCJ0DH703446,KM,1.00,24.83,$227.22
930,Lexus,RX,2006,1GD21ZCG2DZ705818,RU,١٢٣,1.99,$212.16
931,Porsche,968,1995,WAUEH54B01N669393,BR,​,8.56,$173.69
932,Dodge,Neon,1999,1GYFC43599R045540,IT,👾 🙇 💁 🙅 🙆 🙋 🙎 🙍 ,4.58,$170.97
933,Land Rover,Sterling,1991,1G6DE8E56C0253109,ID, ,14.07,$116.50
934,Mercedes-Benz,E-Class,2007,WBAYF8C50ED753208,ID,˙ɐnbᴉlɐ ɐuƃɐɯ ǝɹolop ʇǝ ǝɹoqɐl ʇn ʇunpᴉpᴉɔuᴉ ɹodɯǝʇ poɯsnᴉǝ op pǝs 'ʇᴉlǝ ƃuᴉɔsᴉdᴉpɐ ɹnʇǝʇɔǝsuoɔ 'ʇǝɯɐ ʇᴉs ɹolop ɯnsdᴉ ɯǝɹo˥,16.19,$216.72
935,Mitsubishi,Montero,1992,1GD312CG3EF928416,FR,울란바토르,7.91,$217.55
936,Chevrolet,Express 3500,2005,WBAKF5C51DJ100603,CN,‪‪test‪,10.54,$104.71
937,Acura,RDX,2007,SCFEBBDL0EG120204,SE,0/0,0.93,$83.48
938,Mazda,CX-7,2009,SCFEBBBC4AG330091,FR,1/2,10.43,$32.42
939,Oldsmobile,88,1993,KMHGH4JH6EU875890,CN,-1/2,6.88,$187.94
940,Buick,Terraza,2007,3C4PDDGG1FT202757,ID,👾 🙇 💁 🙅 🙆 🙋 🙎 🙍 ,2.44,$66.55
941,Lexus,ES,1989,1FTEW1CWXAF745358,PA,１２３,24.76,$54.79
942,Buick,Enclave,2009,5J6TF1H58DL873866,PH,"'""'",14.22,$159.56
943,Mazda,MX-5,1999,WBA3N9C56EK017954,CN,<img src=x onerror=alert('hi') />,14.51,$120.86
944,Chevrolet,Monte Carlo,2004,1YVHZ8BA3A5489733,US,הָיְתָהtestالصفحات التّحول,10.71,$43.34
945,Ford,Econoline E250,1994,1GYS3BEF8ER401611,CN,œ∑´®†¥¨ˆøπ“‘,21.48,$123.49
946,Toyota,Camry Hybrid,2008,1N4AB7AP0EN992420,ID,"""'""'""''''""",24.98,$91.67
947,Pontiac,Grand Prix,1976,2G4WY55J311184062,ID,ÅÍÎÏ˝ÓÔÒÚÆ☃,22.31,$230.39
948,Audi,A8,2004,3D4PH9FV0AT822481,KP,$1.00,11.06,$200.87
949,Chrysler,Voyager,2003,5N1AA0NC2EN603672,AL,🚾 🆒 🆓 🆕 🆖 🆗 🆙 🏧,17.23,$36.79
950,Chevrolet,Cavalier,2000,5N1BA0NE9FN721502,BR,１２３,8.46,$144.46
951,Acura,RL,2010,2T1KE4EE7BC458052,RU,⁦test⁧,12.72,$137.68
952,Mitsubishi,Precis,1986,WAUMK98K39N128154,TZ,和製漢語,23.8,$211.55
953,Ford,Freestyle,2005,SALVP2BG7FH935994,AR,ÅÍÎÏ˝ÓÔÒÚÆ☃,0.97,$91.36
954,BMW,X3,2006,WBA3D5C53EF703468,RU,0️⃣ 1️⃣ 2️⃣ 3️⃣ 4️⃣ 5️⃣ 6️⃣ 7️⃣ 8️⃣ 9️⃣ 🔟,1.11,$230.74
955,Suzuki,SX4,2008,2B3CK8CT6AH231804,PH,!@#$%^&*(),5.67,$196.36
956,Mazda,Protege,1995,5J8TB3H31GL589402,TH,test⁠test‫,7.71,$70.00
957,Ford,Fiesta,2011,5J8TB2H20AA200382,UA,١٢٣,5.21,$96.40
958,Land Rover,LR2,2012,WBAEV53493K527737,PS,˙ɐnbᴉlɐ ɐuƃɐɯ ǝɹolop ʇǝ ǝɹoqɐl ʇn ʇunpᴉpᴉɔuᴉ ɹodɯǝʇ poɯsnᴉǝ op pǝs 'ʇᴉlǝ ƃuᴉɔsᴉdᴉpɐ ɹnʇǝʇɔǝsuoɔ 'ʇǝɯɐ ʇᴉs ɹolop ɯnsdᴉ ɯǝɹo˥,20.8,$31.69
959,Suzuki,XL7,2007,2C3CCAFJ3DH674515,TN,😍,6.0,$245.71
960,BMW,8 Series,1996,3D73M3HL5BG703146,NG,˙ɐnbᴉlɐ ɐuƃɐɯ ǝɹolop ʇǝ ǝɹoqɐl ʇn ʇunpᴉpᴉɔuᴉ ɹodɯǝʇ poɯsnᴉǝ op pǝs 'ʇᴉlǝ ƃuᴉɔsᴉdᴉpɐ ɹnʇǝʇɔǝsuoɔ 'ʇǝɯɐ ʇᴉs ɹolop ɯnsdᴉ ɯǝɹo˥,8.84,$160.65
961,Oldsmobile,LSS,1998,WDDHF7GB6EA752763,ID,"<>?:""{}|_+",20.54,$177.34
962,Volvo,S60,2004,19VDE1F52DE126247,ID,"ثم نفس سقطت وبالتحديد،, جزيرتي باستخدام أن دنو. إذ هنا؟ الستار وتنصيب كان. أهّل ايطاليا، بريطانيا-فرنسا قد أخذ. سليمان، إتفاقية بين ما, يذكر الحدود أي بعد, معاملة بولندا، الإطلاق عل إيو.",5.66,$138.50
963,Chevrolet,Camaro,2011,1G4PN5SK7C4166309,US,œ∑´®†¥¨ˆøπ“‘,11.53,$133.60
964,Pontiac,Sunfire,1995,WBAPH5C54AA864635,TH,⁦test⁧,2.82,$225.71
965,Nissan,Pathfinder,2010,3C3CFFFH6FT663357,CN,𠜎𠜱𠝹𠱓𠱸𠲖𠳏,8.93,$58.57
966,Lincoln,Town Car,1992,3VW217AU6FM046239,PE,𠜎𠜱𠝹𠱓𠱸𠲖𠳏,17.33,$180.06
967,Toyota,RAV4,2007,JN8AZ2NE4F9651151,AF,",。・:*:・゜’( ☻ ω ☻ )。・:*:・゜’",10.55,$94.23
968,GMC,Jimmy,1998,SALFR2BG4DH155544,CN,() { _; } >_[$($())] { touch /tmp/blns.shellshock2.fail; },4.25,$34.87
969,Cadillac,DTS,2010,2HNYD18744H757199,SE,00˙Ɩ$-,23.15,$24.59
970,Infiniti,G,1994,5FRYD3H87EB966534,CN,部落格,21.03,$148.02
971,Buick,LeSabre,1996,WBAEN33443E678553,MK,1/0,14.19,$28.84
972,Mazda,Mazda6,2009,1FTEX1CM0CF943459,CN,˙ɐnbᴉlɐ ɐuƃɐɯ ǝɹolop ʇǝ ǝɹoqɐl ʇn ʇunpᴉpᴉɔuᴉ ɹodɯǝʇ poɯsnᴉǝ op pǝs 'ʇᴉlǝ ƃuᴉɔsᴉdᴉpɐ ɹnʇǝʇɔǝsuoɔ 'ʇǝɯɐ ʇᴉs ɹolop ɯnsdᴉ ɯǝɹo˥,23.92,$29.92
973,Toyota,Tundra,2007,WBASN2C54AC363606,KE,₀₁₂,25.72,$129.81
974,Pontiac,Grand Prix,1992,5N1AR1NBXCC704957,RU,１２３,15.72,$133.33
975,Cadillac,Escalade,2011,JTEBU4BFXCK093586,SE,"'""'",12.79,$212.47
976,Chrysler,PT Cruiser,2008,SCBBP9ZA4DC808329,PS,$1.00,23.02,$35.14
977,Mitsubishi,L300,1990,KMHTC6AD4FU245812,CN,울란바토르,8.13,$52.34
978,Hyundai,Tiburon,1999,WBABV13455J527240,PT,１２３,6.1,$249.35
979,Hyundai,Accent,2004,3C63D3LL2CG050155,CN,١٢٣,10.24,$205.43
980,Chrysler,New Yorker,1993,4T3BA3BB1EU675543,MY,"""'""'""''''""",7.72,$118.93
981,BMW,8 Series,1993,SCFHDDAJ9CA324148,AX,../../../../../../../../../../../etc/passwd%00,16.42,$144.60
982,Audi,A8,2012,WBAWV53578P853723,US,̗̺͖̹̯͓Ṯ̤͍̥͇͈h̲́e͏͓̼̗̙̼̣͔ ͇̜̱̠͓͍ͅN͕͠e̗̱z̘̝̜̺͙p̤̺̹͍̯͚e̠̻̠͜r̨̤͍̺̖͔̖̖d̠̟̭̬̝͟i̦͖̩͓͔̤a̠̗̬͉̙n͚͜ ̻̞̰͚ͅh̵͉i̳̞v̢͇ḙ͎͟-҉̭̩̼͔m̤̭̫i͕͇̝̦n̗͙ḍ̟ ̯̲͕͞ǫ̟̯̰̲͙̻̝f ̪̰̰̗̖̭̘͘c̦͍̲̞͍̩̙ḥ͚a̮͎̟̙͜ơ̩̹͎s̤.̝̝ ҉Z̡̖̜͖̰̣͉̜a͖̰͙̬͡l̲̫̳͍̩g̡̟̼̱͚̞̬ͅo̗͜.̟,14.63,$198.00
983,Mazda,MX-6,1997,WBANE73547B036048,CN,-1E2,17.53,$49.92
984,Saab,9-2X,2005,1FTSW2A56AE291182,CN,-1E+02,18.03,$35.27
985,Honda,Passport,2000,3C3CFFDR2ET705176,ID,𠜎𠜱𠝹𠱓𠱸𠲖𠳏,21.1,$247.36
986,Dodge,Colt,1993,ZFBCFADH2FZ229000,CN,🚾 🆒 🆓 🆕 🆖 🆗 🆙 🏧,13.24,$60.96
987,Aston Martin,Virage,2012,3VWML7AJ6DM493188,ID,⁦test⁧,18.84,$50.52
988,Chrysler,Concorde,1994,1D7CE3BK6AS081841,LV,"בְּרֵאשִׁית, בָּרָא אֱלֹהִים, אֵת הַשָּׁמַיִם, וְאֵת הָאָרֶץ",18.81,$151.58
989,Ford,Club Wagon,1994,4JGBF2FEXCA633699,PH,1;DROP TABLE users,8.25,$146.30
990,Subaru,Legacy,2007,SCFAD06D59G706082,CN,田中さんにあげて下さい,22.18,$153.44
991,Oldsmobile,Cutlass Supreme,1996,SAJWA2GZ4E8134415,MX,() { 0; }; touch /tmp/blns.shellshock1.fail;,13.68,$191.65
992,Kia,Sorento,2007,1G4GD5EG9AF058530,CZ,1/2,11.88,$50.20
993,Audi,Allroad,2005,1FTMF1EW1AF923795,ID,ﾟ･✿ヾ╲(｡◕‿◕｡)╱✿･ﾟ,15.4,$249.09
994,Lamborghini,Diablo,1993,WBAEK13426C961594,CZ,',4.53,$234.14
995,Austin,Mini Cooper,1961,WBSWL9C53AP952778,NI,"""",13.64,$201.22
996,Mercedes-Benz,Sprinter 2500,2011,1HGCR6F33FA765957,AZ,0.00,15.41,$55.24
997,Chevrolet,Lumina,1999,5XYKT3A65FG946747,FR,　,22.26,$177.77
998,Suzuki,SX4,2008,SALAC2D41AA796511,RU,🐵 🙈 🙉 🙊,7.82,$73.82
999,Mitsubishi,Eclipse,2004,1G4GL5G39DF530100,MY,null,16.37,$66.69
1000,Dodge,Viper,1996,WBAEW53493P347044,TH,nil,7.57,$149.85
